demo_id,user_id,employer_id,attended_demo,demo_date
1,2290,374,1,2025-03-15
2,3725,1184,1,2025-03-15
3,7,865,1,2025-03-15
4,3484,289,1,2025-03-15
5,932,51,1,2025-03-15
6,4416,1174,1,2025-03-15
7,3975,1123,1,2025-03-15
8,3636,943,1,2025-03-15
9,577,212,1,2025-03-15
10,1506,1098,1,2025-03-15
11,330,266,1,2025-03-15
12,4705,507,1,2025-03-15
13,3039,1199,1,2025-03-15
14,1167,433,1,2025-03-15
15,1378,865,1,2025-03-15
16,654,897,1,2025-03-15
17,4804,176,1,2025-03-15
18,3121,1195,1,2025-03-15
19,2012,1151,1,2025-03-15
20,2206,95,1,2025-03-15
21,1259,1126,1,2025-03-15
22,4186,645,1,2025-03-15
23,1998,458,1,2025-03-15
24,3599,612,1,2025-03-15
25,1865,329,1,2025-03-15
26,4009,51,1,2025-03-15
27,655,398,1,2025-03-15
28,521,204,1,2025-03-15
29,1571,126,1,2025-03-15
30,1596,785,1,2025-03-15
31,4922,589,1,2025-03-15
32,513,280,1,2025-03-15
33,3889,177,1,2025-03-15
34,3136,65,1,2025-03-15
35,3047,1126,1,2025-03-15
36,4763,805,1,2025-03-15
37,755,428,1,2025-03-15
38,656,850,1,2025-03-15
39,2095,491,1,2025-03-15
40,3456,106,1,2025-03-15
41,3934,593,1,2025-03-15
42,198,85,1,2025-03-15
43,3837,1111,1,2025-03-15
44,4171,1012,1,2025-03-15
45,3823,1001,1,2025-03-15
46,2221,825,1,2025-03-15
47,1582,111,1,2025-03-15
48,2534,172,1,2025-03-15
49,4237,1118,1,2025-03-15
50,83,552,1,2025-03-15
51,4843,967,1,2025-03-15
52,187,1018,1,2025-03-15
53,3346,1065,1,2025-03-15
54,4199,759,1,2025-03-15
55,2783,1160,1,2025-03-15
56,4397,277,1,2025-03-15
57,3422,931,1,2025-03-15
58,1714,455,1,2025-03-15
59,2520,125,1,2025-03-15
60,902,1091,1,2025-03-15
61,3819,301,1,2025-03-15
62,2279,1175,1,2025-03-15
63,2474,67,1,2025-03-15
64,4529,151,1,2025-03-15
65,3265,113,1,2025-03-15
66,3340,208,1,2025-03-15
67,2250,980,1,2025-03-15
68,1536,84,1,2025-03-15
69,2398,1058,1,2025-03-15
70,235,506,1,2025-03-15
71,2292,372,1,2025-03-15
72,2996,822,1,2025-03-15
73,1312,755,1,2025-03-15
74,2136,997,1,2025-03-15
75,2808,497,1,2025-03-15
76,3964,1184,1,2025-03-15
77,1220,600,1,2025-03-15
78,4845,1018,1,2025-03-15
79,3114,967,1,2025-03-15
80,1833,615,1,2025-03-15
81,1585,1002,1,2025-03-15
82,3880,1190,1,2025-03-15
83,1790,753,1,2025-03-15
84,1228,846,1,2025-03-15
85,4172,421,1,2025-03-15
86,3221,61,1,2025-03-15
87,969,670,1,2025-03-15
88,3021,1166,1,2025-03-15
89,2702,766,1,2025-03-15
90,641,957,1,2025-03-15
91,2585,284,1,2025-03-15
92,4633,409,1,2025-03-15
93,4540,514,1,2025-03-15
94,3080,1181,1,2025-03-15
95,3225,190,1,2025-03-15
96,1576,832,1,2025-03-15
97,4305,1102,1,2025-03-15
98,1302,109,1,2025-03-15
99,4748,827,1,2025-03-15
100,154,1083,1,2025-03-15
101,3876,935,1,2025-03-15
102,3826,69,1,2025-03-15
103,2555,96,1,2025-03-15
104,3657,1014,1,2025-03-15
105,127,613,1,2025-03-15
106,1314,1086,1,2025-03-15
107,731,236,1,2025-03-15
108,1856,935,1,2025-03-15
109,2918,1114,1,2025-03-15
110,2057,189,1,2025-03-15
111,1617,237,1,2025-03-15
112,3629,421,1,2025-03-15
113,2275,503,1,2025-03-15
114,3924,880,1,2025-03-15
115,4065,244,1,2025-03-15
116,3926,698,1,2025-03-15
117,299,805,1,2025-03-15
118,1563,437,1,2025-03-15
119,255,252,1,2025-03-15
120,3509,851,1,2025-03-15
121,2378,22,1,2025-03-15
122,2340,46,1,2025-03-15
123,1116,489,1,2025-03-15
124,3395,15,1,2025-03-15
125,1185,772,1,2025-03-15
126,3774,821,1,2025-03-15
127,916,124,1,2025-03-15
128,4964,897,1,2025-03-15
129,472,445,1,2025-03-15
130,3363,957,1,2025-03-15
131,798,1003,1,2025-03-15
132,1683,956,1,2025-03-15
133,4916,1075,1,2025-03-15
134,4856,1082,1,2025-03-15
135,3386,1186,1,2025-03-15
136,2985,1022,1,2025-03-15
137,4893,937,1,2025-03-15
138,3406,760,1,2025-03-15
139,217,428,1,2025-03-15
140,1668,995,1,2025-03-15
141,3735,675,1,2025-03-15
142,2122,437,1,2025-03-15
143,2604,116,1,2025-03-15
144,2945,372,1,2025-03-15
145,1967,815,1,2025-03-15
146,373,927,1,2025-03-15
147,2234,206,1,2025-03-15
148,4900,1055,1,2025-03-15
149,1835,556,1,2025-03-15
150,4646,1148,1,2025-03-15
151,3784,268,1,2025-03-15
152,1884,428,1,2025-03-15
153,3958,753,1,2025-03-15
154,2044,252,1,2025-03-15
155,4048,104,1,2025-03-15
156,4585,1026,1,2025-03-15
157,3018,294,1,2025-03-15
158,3116,136,1,2025-03-15
159,4230,23,1,2025-03-15
160,2595,831,1,2025-03-15
161,3264,1029,1,2025-03-15
162,3923,354,1,2025-03-15
163,1632,1164,1,2025-03-15
164,2931,909,1,2025-03-15
165,3277,506,1,2025-03-15
166,540,394,1,2025-03-15
167,2298,278,1,2025-03-15
168,3922,828,1,2025-03-15
169,3824,734,1,2025-03-15
170,1287,1037,1,2025-03-15
171,2623,746,1,2025-03-15
172,4268,1200,1,2025-03-15
173,23,988,1,2025-03-15
174,2466,439,1,2025-03-15
175,141,1042,1,2025-03-15
176,4543,409,1,2025-03-15
177,1453,950,1,2025-03-15
178,302,377,1,2025-03-15
179,1072,1074,1,2025-03-15
180,3061,818,1,2025-03-15
181,468,447,1,2025-03-15
182,348,811,1,2025-03-15
183,2444,127,1,2025-03-15
184,4454,669,1,2025-03-15
185,2383,821,1,2025-03-15
186,2135,721,1,2025-03-15
187,2642,808,1,2025-03-15
188,2924,385,1,2025-03-15
189,479,944,1,2025-03-15
190,1916,557,1,2025-03-15
191,48,969,1,2025-03-15
192,2397,152,1,2025-03-15
193,1073,417,1,2025-03-15
194,398,938,1,2025-03-15
195,3568,100,1,2025-03-15
196,1264,653,1,2025-03-15
197,1813,455,1,2025-03-15
198,437,433,1,2025-03-15
199,2978,811,1,2025-03-15
200,2491,1156,1,2025-03-15
