user_id,logins_last_30_days,messages_sent,profile_completed
1,8,4,0
2,7,32,1
3,15,35,0
4,12,39,0
5,11,31,0
6,2,50,0
7,3,13,0
8,12,37,0
9,9,10,0
10,14,5,1
11,12,40,1
12,7,15,0
13,14,1,1
14,13,9,1
15,2,36,1
16,7,38,1
17,13,37,0
18,3,12,1
19,13,42,1
20,15,12,1
21,1,42,1
22,3,9,0
23,7,4,1
24,8,18,1
25,6,47,1
26,15,16,0
27,2,0,1
28,2,34,1
29,6,47,1
30,11,33,1
31,10,21,1
32,0,32,0
33,6,50,0
34,1,49,0
35,3,21,1
36,13,9,0
37,1,43,0
38,8,29,1
39,11,37,0
40,2,45,0
41,11,35,0
42,11,11,1
43,0,40,1
44,1,8,1
45,11,26,0
46,11,5,1
47,11,11,1
48,1,27,1
49,9,31,1
50,8,45,0
51,5,27,1
52,11,38,1
53,4,3,0
54,5,43,1
55,13,22,1
56,5,42,0
57,3,41,0
58,14,12,0
59,15,29,0
60,8,42,0
61,9,37,1
62,11,45,1
63,10,36,0
64,12,43,1
65,10,2,1
66,12,3,1
67,15,14,1
68,11,12,1
69,10,1,0
70,5,32,1
71,7,10,1
72,15,40,1
73,6,34,1
74,11,22,0
75,9,33,1
76,13,1,1
77,15,4,1
78,15,0,0
79,14,2,0
80,14,17,1
81,6,4,1
82,11,9,1
83,15,6,0
84,11,2,1
85,15,33,0
86,7,21,0
87,11,4,1
88,8,34,0
89,10,35,0
90,6,32,0
91,9,7,0
92,14,18,1
93,2,13,1
94,7,35,0
95,3,25,0
96,2,46,0
97,10,46,0
98,4,33,1
99,2,12,1
100,8,28,1
101,1,42,1
102,15,50,1
103,1,32,1
104,10,23,1
105,9,39,1
106,2,16,1
107,1,16,1
108,6,25,1
109,1,30,0
110,14,29,0
111,6,43,1
112,0,15,1
113,10,50,0
114,8,49,0
115,9,13,0
116,12,45,0
117,6,6,0
118,14,21,1
119,7,46,1
120,0,14,1
121,14,46,1
122,6,27,1
123,4,23,0
124,3,1,1
125,0,22,1
126,3,48,1
127,5,49,0
128,2,14,1
129,10,6,0
130,13,34,1
131,6,9,0
132,7,43,1
133,8,37,1
134,10,3,1
135,4,41,1
136,1,26,0
137,13,26,1
138,12,24,1
139,6,22,0
140,6,27,1
141,0,43,0
142,13,32,1
143,10,41,0
144,14,42,1
145,11,3,0
146,13,18,0
147,0,12,1
148,4,45,1
149,2,16,1
150,3,48,1
151,5,8,0
152,9,4,0
153,11,5,0
154,0,18,0
155,1,28,0
156,12,29,0
157,2,9,0
158,12,41,1
159,15,14,0
160,1,1,1
161,5,13,1
162,1,27,0
163,3,20,0
164,2,4,1
165,0,48,0
166,14,12,0
167,7,6,1
168,14,22,1
169,6,2,1
170,1,7,0
171,6,30,1
172,15,44,0
173,12,48,1
174,13,13,0
175,2,34,1
176,13,45,0
177,12,0,0
178,2,44,0
179,1,39,0
180,12,49,1
181,10,40,0
182,6,6,0
183,3,42,1
184,7,22,0
185,8,46,1
186,0,36,0
187,3,34,0
188,6,23,1
189,0,45,1
190,1,2,1
191,12,16,1
192,8,34,1
193,7,12,1
194,13,42,1
195,15,28,0
196,6,23,1
197,0,24,1
198,12,2,0
199,9,33,1
200,0,26,0
201,2,31,1
202,9,9,1
203,14,8,1
204,13,26,0
205,6,10,1
206,8,30,0
207,8,48,1
208,2,50,0
209,11,32,0
210,10,29,1
211,12,24,0
212,0,7,1
213,10,2,1
214,14,27,1
215,5,41,0
216,2,12,1
217,5,17,1
218,7,10,1
219,3,43,0
220,6,20,0
221,12,9,1
222,5,2,0
223,10,38,1
224,2,10,1
225,2,49,0
226,12,26,1
227,4,49,0
228,8,29,0
229,8,47,0
230,9,49,1
231,6,16,0
232,5,28,1
233,15,38,1
234,0,47,0
235,13,25,0
236,11,26,0
237,12,48,1
238,11,6,0
239,7,50,1
240,0,35,1
241,14,8,1
242,6,2,0
243,12,45,1
244,11,35,1
245,7,49,1
246,14,11,0
247,6,14,1
248,12,16,0
249,5,12,1
250,8,25,1
251,8,27,0
252,5,47,1
253,6,11,1
254,5,20,0
255,2,15,1
256,1,23,0
257,3,0,1
258,0,32,1
259,1,34,1
260,4,0,0
261,9,32,1
262,1,38,1
263,2,1,1
264,2,20,1
265,5,4,1
266,10,1,0
267,1,10,1
268,10,12,0
269,13,45,1
270,15,23,1
271,7,48,0
272,9,16,1
273,12,39,0
274,7,7,0
275,4,4,0
276,4,0,0
277,12,17,1
278,7,48,0
279,2,10,1
280,1,5,1
281,14,8,1
282,12,43,0
283,6,22,1
284,8,8,0
285,12,25,1
286,8,36,1
287,8,23,1
288,7,22,0
289,12,35,1
290,15,44,1
291,3,50,0
292,3,1,1
293,3,17,1
294,14,11,1
295,13,35,1
296,6,12,0
297,10,50,0
298,1,37,1
299,12,32,0
300,4,5,0
301,10,32,0
302,12,9,0
303,14,12,1
304,13,26,1
305,4,9,1
306,15,33,1
307,6,36,0
308,11,0,1
309,1,39,0
310,15,22,1
311,10,23,1
312,6,18,0
313,5,38,0
314,7,21,0
315,13,14,0
316,2,25,0
317,2,26,1
318,12,25,0
319,8,38,0
320,7,17,0
321,2,39,1
322,2,16,1
323,15,28,1
324,10,5,0
325,14,20,0
326,8,39,0
327,10,0,0
328,2,42,1
329,14,33,0
330,15,32,1
331,5,21,1
332,3,44,1
333,7,13,1
334,9,30,0
335,2,10,0
336,3,24,1
337,5,36,0
338,10,1,1
339,6,0,1
340,9,12,0
341,10,30,1
342,13,1,0
343,8,19,0
344,1,28,0
345,7,42,0
346,4,20,1
347,6,12,1
348,8,35,1
349,10,40,1
350,2,14,1
351,11,5,0
352,3,42,0
353,12,21,0
354,2,8,1
355,11,29,0
356,12,11,0
357,4,35,0
358,0,12,1
359,4,0,1
360,12,28,0
361,9,30,1
362,6,33,1
363,15,50,1
364,8,14,0
365,2,24,1
366,15,32,1
367,2,40,1
368,0,41,1
369,9,17,0
370,2,26,1
371,9,24,1
372,14,19,0
373,14,17,0
374,4,49,0
375,4,38,0
376,8,18,1
377,2,3,1
378,11,29,0
379,7,14,0
380,13,40,0
381,8,49,0
382,3,50,1
383,0,22,1
384,1,25,0
385,14,45,0
386,10,35,1
387,5,29,1
388,1,16,1
389,5,32,1
390,10,13,1
391,5,22,1
392,14,17,0
393,4,40,1
394,7,15,0
395,11,48,0
396,11,11,1
397,1,11,0
398,14,26,0
399,14,3,1
400,4,13,0
401,6,11,0
402,6,4,0
403,12,18,0
404,3,38,0
405,5,10,1
406,15,1,0
407,0,36,0
408,8,20,1
409,8,50,1
410,7,41,0
411,5,19,0
412,5,48,1
413,9,1,1
414,11,16,0
415,0,42,1
416,5,13,0
417,0,11,1
418,7,30,0
419,4,29,1
420,11,8,0
421,1,29,0
422,2,33,0
423,5,20,0
424,7,5,1
425,10,21,0
426,15,38,1
427,14,37,0
428,14,24,1
429,4,49,0
430,14,38,0
431,8,17,0
432,5,44,1
433,0,22,1
434,9,36,0
435,0,1,0
436,14,36,1
437,0,42,0
438,9,18,0
439,15,38,0
440,4,9,0
441,6,43,0
442,5,46,1
443,12,48,0
444,5,15,0
445,14,30,0
446,0,41,0
447,6,18,0
448,5,31,1
449,7,13,1
450,12,39,0
451,13,13,0
452,11,35,1
453,10,39,0
454,14,29,1
455,8,2,1
456,14,17,1
457,2,28,0
458,6,13,0
459,11,24,0
460,3,47,0
461,2,17,1
462,7,42,1
463,1,13,0
464,15,12,1
465,14,45,1
466,15,40,1
467,3,39,0
468,13,44,1
469,11,48,0
470,2,1,1
471,5,47,0
472,5,35,0
473,11,39,1
474,15,28,0
475,6,19,0
476,1,42,0
477,5,44,1
478,0,28,0
479,1,36,1
480,4,28,0
481,11,34,1
482,1,46,1
483,1,20,1
484,2,26,1
485,6,23,0
486,14,47,1
487,1,21,1
488,6,6,1
489,8,27,1
490,11,39,0
491,3,36,0
492,6,3,1
493,5,1,0
494,12,33,1
495,8,9,0
496,0,32,1
497,2,4,0
498,9,42,1
499,6,38,0
500,5,39,1
501,15,45,1
502,1,10,0
503,11,31,0
504,13,38,1
505,6,38,0
506,4,28,1
507,12,50,1
508,11,44,1
509,8,16,1
510,10,15,0
511,1,47,0
512,10,37,1
513,7,49,0
514,13,25,0
515,10,37,1
516,13,24,0
517,4,27,0
518,1,10,0
519,15,21,0
520,5,32,0
521,9,24,0
522,15,17,1
523,0,28,0
524,15,24,0
525,2,32,1
526,2,26,1
527,6,33,1
528,1,13,0
529,3,15,0
530,14,37,0
531,0,43,0
532,11,38,0
533,14,47,1
534,7,38,0
535,2,49,1
536,0,41,0
537,10,9,0
538,11,26,1
539,7,3,0
540,3,27,1
541,8,31,0
542,0,45,1
543,4,38,0
544,1,17,1
545,9,16,0
546,8,8,1
547,6,40,0
548,3,42,0
549,6,32,0
550,14,16,1
551,15,37,0
552,6,31,0
553,5,14,0
554,13,14,0
555,1,39,1
556,12,31,0
557,2,41,1
558,2,32,0
559,13,29,1
560,8,19,0
561,12,22,0
562,13,26,0
563,14,17,0
564,3,42,0
565,5,48,1
566,0,34,0
567,6,10,0
568,3,45,0
569,12,48,0
570,4,44,1
571,13,7,0
572,11,10,0
573,5,50,1
574,1,46,0
575,6,41,1
576,1,13,0
577,12,38,0
578,8,11,0
579,14,4,1
580,12,29,1
581,5,30,0
582,14,21,1
583,14,39,1
584,9,42,0
585,9,16,1
586,11,49,0
587,5,44,0
588,14,34,0
589,4,14,1
590,6,47,0
591,3,18,1
592,2,33,1
593,9,16,1
594,15,49,1
595,12,26,1
596,8,18,1
597,14,20,0
598,12,11,1
599,8,33,0
600,13,19,0
601,1,8,0
602,12,3,0
603,4,23,1
604,4,23,0
605,2,23,0
606,4,36,1
607,8,11,0
608,2,29,1
609,14,25,0
610,5,39,0
611,7,11,0
612,6,2,0
613,0,40,1
614,5,3,1
615,15,6,0
616,5,49,1
617,8,48,1
618,14,18,0
619,3,16,0
620,15,45,0
621,0,46,0
622,7,37,0
623,8,34,1
624,3,39,1
625,0,44,1
626,2,15,0
627,9,14,1
628,6,18,1
629,13,24,1
630,4,13,1
631,11,1,1
632,11,1,0
633,9,35,0
634,10,46,0
635,6,29,0
636,14,48,1
637,12,9,0
638,1,18,1
639,9,29,0
640,13,10,1
641,1,31,1
642,5,19,0
643,9,10,0
644,13,38,0
645,3,40,0
646,11,44,0
647,13,4,0
648,15,36,0
649,14,6,1
650,6,12,0
651,7,17,0
652,13,40,0
653,7,14,0
654,15,33,1
655,13,15,0
656,11,1,0
657,5,25,1
658,6,33,0
659,8,28,0
660,15,31,0
661,6,33,1
662,13,29,1
663,7,13,0
664,12,49,1
665,2,50,1
666,11,49,0
667,15,11,1
668,14,2,1
669,7,36,1
670,8,24,0
671,14,29,1
672,3,25,0
673,8,33,1
674,13,42,0
675,5,20,0
676,0,15,1
677,3,42,0
678,8,35,0
679,5,29,1
680,13,11,1
681,7,20,1
682,5,20,1
683,4,49,0
684,6,31,1
685,0,15,0
686,8,8,1
687,9,43,0
688,9,49,0
689,8,31,1
690,3,15,0
691,10,8,0
692,6,9,0
693,3,19,1
694,7,23,1
695,11,30,1
696,12,34,0
697,8,20,0
698,0,41,0
699,7,12,1
700,12,48,1
701,2,30,0
702,2,15,0
703,11,24,1
704,2,26,1
705,9,50,1
706,7,5,1
707,1,18,1
708,13,48,1
709,9,11,1
710,13,32,0
711,4,29,1
712,8,16,0
713,2,8,0
714,8,34,0
715,9,2,1
716,5,46,0
717,0,12,1
718,6,23,1
719,6,8,0
720,5,3,1
721,4,22,1
722,2,11,0
723,13,20,1
724,5,16,0
725,11,33,1
726,13,12,0
727,1,46,0
728,7,47,1
729,14,38,1
730,11,4,0
731,10,39,1
732,5,37,1
733,9,31,1
734,3,31,1
735,0,15,0
736,13,40,0
737,4,36,1
738,14,32,0
739,3,17,0
740,1,12,0
741,1,41,0
742,0,32,1
743,2,26,0
744,2,37,1
745,15,48,1
746,0,48,0
747,15,14,1
748,5,8,0
749,14,8,1
750,15,34,0
751,0,3,1
752,6,6,0
753,3,41,1
754,13,5,0
755,9,1,1
756,9,27,0
757,5,43,0
758,11,29,0
759,6,6,1
760,14,37,0
761,8,34,0
762,7,12,1
763,11,24,1
764,5,31,1
765,5,29,0
766,10,29,0
767,5,24,0
768,13,8,1
769,15,44,0
770,6,16,0
771,10,1,0
772,12,0,0
773,1,29,0
774,8,28,0
775,7,1,1
776,12,23,1
777,6,12,0
778,11,12,0
779,10,31,0
780,0,9,0
781,14,39,0
782,7,35,0
783,4,42,1
784,13,3,0
785,13,22,1
786,1,45,1
787,6,0,1
788,2,35,1
789,14,40,1
790,12,20,1
791,11,49,0
792,3,37,1
793,10,16,0
794,1,36,1
795,3,2,0
796,8,12,0
797,0,27,0
798,14,49,0
799,9,24,1
800,14,48,1
801,10,29,1
802,2,14,1
803,6,45,1
804,10,22,1
805,3,30,0
806,6,48,1
807,9,38,0
808,3,8,1
809,5,18,0
810,13,41,0
811,1,13,0
812,0,12,1
813,13,6,1
814,9,21,0
815,2,12,0
816,0,44,0
817,10,48,0
818,13,28,1
819,5,34,1
820,9,20,1
821,6,23,0
822,4,37,0
823,3,7,0
824,1,37,0
825,7,41,1
826,11,22,1
827,4,2,1
828,3,43,1
829,15,19,1
830,2,29,0
831,3,0,1
832,6,9,1
833,6,36,1
834,7,47,1
835,9,14,0
836,9,37,0
837,5,3,1
838,1,19,1
839,7,7,1
840,5,34,0
841,7,40,1
842,14,0,1
843,3,32,0
844,3,31,0
845,11,16,1
846,15,12,1
847,5,5,0
848,5,5,0
849,11,35,1
850,6,15,1
851,15,30,1
852,11,29,0
853,13,45,0
854,7,46,1
855,2,35,1
856,5,22,0
857,15,9,1
858,5,6,1
859,7,6,0
860,4,45,0
861,12,1,1
862,4,41,1
863,4,41,0
864,14,0,1
865,2,10,1
866,10,9,1
867,5,25,0
868,1,11,0
869,12,10,0
870,10,16,0
871,10,42,0
872,15,8,0
873,7,8,1
874,10,27,1
875,15,48,0
876,6,7,0
877,0,37,0
878,0,22,0
879,2,41,0
880,2,29,1
881,7,44,0
882,15,36,0
883,5,0,0
884,5,32,1
885,8,48,0
886,10,14,0
887,13,44,0
888,3,49,1
889,3,16,1
890,13,44,1
891,3,3,0
892,4,29,0
893,12,45,0
894,11,30,0
895,6,50,1
896,12,34,0
897,6,9,0
898,8,0,0
899,2,49,1
900,12,38,0
901,13,45,0
902,5,6,0
903,8,18,0
904,12,3,1
905,11,4,0
906,3,25,1
907,11,28,1
908,8,43,0
909,15,34,1
910,12,15,1
911,0,37,1
912,5,33,1
913,12,18,0
914,2,17,1
915,2,42,1
916,15,35,1
917,12,19,1
918,8,32,0
919,4,26,0
920,11,11,1
921,4,32,1
922,15,13,0
923,12,5,0
924,7,31,0
925,13,31,1
926,3,49,1
927,6,24,1
928,9,35,0
929,11,4,1
930,0,27,1
931,7,34,0
932,9,25,1
933,1,36,1
934,9,10,0
935,8,21,1
936,2,15,0
937,6,37,1
938,1,0,1
939,6,49,1
940,9,0,1
941,7,12,0
942,0,15,0
943,3,27,1
944,6,16,1
945,3,16,0
946,2,9,1
947,9,42,0
948,11,23,0
949,0,20,1
950,11,9,1
951,4,27,1
952,5,48,1
953,9,37,1
954,13,31,0
955,15,34,0
956,9,20,0
957,5,10,1
958,8,2,0
959,10,30,0
960,8,34,1
961,15,35,1
962,12,0,0
963,12,2,0
964,9,1,1
965,8,8,0
966,5,19,0
967,13,15,1
968,11,37,1
969,3,19,0
970,11,26,0
971,13,7,1
972,0,44,1
973,13,37,0
974,5,41,0
975,9,7,0
976,5,42,0
977,9,44,1
978,6,30,0
979,6,24,1
980,9,49,1
981,12,35,1
982,11,1,0
983,10,28,0
984,3,32,0
985,15,27,1
986,7,2,0
987,5,7,0
988,8,23,1
989,15,12,0
990,13,30,0
991,3,13,1
992,6,7,1
993,8,1,0
994,7,33,1
995,1,28,1
996,1,47,0
997,13,28,0
998,7,23,0
999,4,18,1
1000,4,39,1
1001,9,18,1
1002,9,13,1
1003,2,50,0
1004,1,15,1
1005,8,16,1
1006,14,16,0
1007,13,46,1
1008,15,20,0
1009,5,7,0
1010,13,45,1
1011,11,41,0
1012,7,16,0
1013,0,19,1
1014,14,22,0
1015,9,5,1
1016,12,10,0
1017,9,16,0
1018,3,45,0
1019,10,20,1
1020,0,18,0
1021,2,8,1
1022,5,25,0
1023,6,7,0
1024,1,0,0
1025,15,11,0
1026,13,37,0
1027,2,25,0
1028,9,27,0
1029,7,34,0
1030,5,15,0
1031,8,32,0
1032,6,25,1
1033,3,11,1
1034,4,38,0
1035,1,35,0
1036,2,9,1
1037,2,42,0
1038,12,14,1
1039,5,6,0
1040,14,32,0
1041,11,35,1
1042,11,14,1
1043,5,9,0
1044,10,29,1
1045,6,27,1
1046,13,28,0
1047,13,30,0
1048,7,20,0
1049,3,30,1
1050,10,45,1
1051,6,43,0
1052,3,24,0
1053,7,45,1
1054,3,44,0
1055,8,3,1
1056,0,13,1
1057,15,22,0
1058,13,50,1
1059,13,9,0
1060,2,18,0
1061,11,15,0
1062,4,43,1
1063,2,28,1
1064,11,12,1
1065,15,9,0
1066,8,18,1
1067,5,32,1
1068,2,25,1
1069,1,1,1
1070,0,42,0
1071,5,10,1
1072,4,50,0
1073,0,33,0
1074,1,15,0
1075,1,15,1
1076,4,1,1
1077,4,29,0
1078,2,48,0
1079,6,47,0
1080,11,12,0
1081,4,32,0
1082,1,17,1
1083,4,19,0
1084,11,21,1
1085,6,13,1
1086,0,3,1
1087,15,32,1
1088,6,46,1
1089,14,4,1
1090,10,2,1
1091,7,36,0
1092,5,50,0
1093,13,4,0
1094,15,21,1
1095,4,23,0
1096,0,28,0
1097,14,9,1
1098,12,47,1
1099,12,17,1
1100,10,35,1
1101,1,37,0
1102,15,5,0
1103,8,19,0
1104,3,15,0
1105,8,9,0
1106,10,26,0
1107,15,12,1
1108,4,22,0
1109,11,6,1
1110,1,33,0
1111,13,23,1
1112,12,41,1
1113,15,22,1
1114,12,23,1
1115,7,27,1
1116,6,36,0
1117,1,4,1
1118,9,45,1
1119,1,0,0
1120,1,28,1
1121,9,50,0
1122,4,44,0
1123,10,31,1
1124,4,0,0
1125,2,29,0
1126,3,12,0
1127,11,49,0
1128,7,18,0
1129,7,24,0
1130,6,32,1
1131,3,11,0
1132,2,44,1
1133,3,28,1
1134,0,7,0
1135,7,31,1
1136,8,22,0
1137,14,24,0
1138,14,19,0
1139,1,33,0
1140,10,27,1
1141,13,18,0
1142,4,37,1
1143,8,26,1
1144,13,33,1
1145,0,13,1
1146,0,50,1
1147,7,8,0
1148,11,20,0
1149,10,43,0
1150,2,17,0
1151,6,48,1
1152,8,12,0
1153,13,22,0
1154,12,17,1
1155,6,21,1
1156,11,45,1
1157,2,48,0
1158,5,3,1
1159,14,3,0
1160,7,6,0
1161,10,9,1
1162,11,46,1
1163,6,29,1
1164,13,30,0
1165,0,35,1
1166,14,36,1
1167,13,29,0
1168,6,13,0
1169,2,9,1
1170,1,20,0
1171,12,4,0
1172,14,37,0
1173,9,16,0
1174,8,48,0
1175,4,8,0
1176,0,49,0
1177,6,35,0
1178,2,45,0
1179,1,3,0
1180,9,27,0
1181,15,10,0
1182,8,24,0
1183,13,46,1
1184,10,43,1
1185,2,30,1
1186,8,21,0
1187,12,25,0
1188,3,8,1
1189,2,50,1
1190,3,10,1
1191,8,1,1
1192,12,11,1
1193,10,19,1
1194,1,1,1
1195,4,2,1
1196,12,17,0
1197,8,21,1
1198,15,8,1
1199,12,6,0
1200,1,8,0
1201,11,7,1
1202,7,21,1
1203,13,6,0
1204,5,42,1
1205,14,50,1
1206,8,50,0
1207,13,25,1
1208,15,28,0
1209,14,13,0
1210,12,0,0
1211,10,46,0
1212,3,37,1
1213,9,11,1
1214,10,22,0
1215,2,25,1
1216,2,44,1
1217,6,23,1
1218,8,18,1
1219,15,47,0
1220,15,25,1
1221,7,0,0
1222,8,48,1
1223,3,32,0
1224,12,47,1
1225,12,31,1
1226,14,17,1
1227,0,7,1
1228,12,44,1
1229,11,40,1
1230,7,7,0
1231,14,6,1
1232,14,30,0
1233,15,45,1
1234,4,7,1
1235,8,34,0
1236,11,20,1
1237,14,18,0
1238,11,41,1
1239,8,49,0
1240,8,29,1
1241,15,44,1
1242,5,30,1
1243,7,4,0
1244,2,36,1
1245,14,4,1
1246,12,39,0
1247,15,25,1
1248,2,27,1
1249,5,12,0
1250,0,23,0
1251,0,34,1
1252,7,41,0
1253,5,2,1
1254,6,42,1
1255,5,35,0
1256,1,6,0
1257,14,16,0
1258,8,2,1
1259,5,13,1
1260,15,44,0
1261,15,8,1
1262,7,18,0
1263,1,9,0
1264,8,31,1
1265,1,10,0
1266,1,23,0
1267,3,33,0
1268,2,25,1
1269,0,8,0
1270,14,35,0
1271,15,16,1
1272,7,34,1
1273,14,50,0
1274,12,9,1
1275,4,43,0
1276,2,20,0
1277,1,44,1
1278,14,14,0
1279,4,0,1
1280,14,34,1
1281,2,12,0
1282,0,24,0
1283,8,42,0
1284,10,0,1
1285,9,24,0
1286,10,23,0
1287,10,44,0
1288,3,4,1
1289,11,16,0
1290,14,1,1
1291,10,36,1
1292,3,8,0
1293,15,12,1
1294,3,47,0
1295,4,6,1
1296,10,41,0
1297,1,49,1
1298,1,13,0
1299,12,34,1
1300,3,17,0
1301,5,39,1
1302,0,47,1
1303,5,13,0
1304,8,44,0
1305,7,30,0
1306,9,36,0
1307,5,13,1
1308,4,21,0
1309,9,7,1
1310,9,9,0
1311,6,10,0
1312,8,13,0
1313,14,3,1
1314,1,6,0
1315,14,38,0
1316,14,1,0
1317,6,3,1
1318,1,1,1
1319,13,43,0
1320,11,27,0
1321,10,45,0
1322,13,42,0
1323,4,8,0
1324,9,27,0
1325,8,32,0
1326,0,40,1
1327,13,49,1
1328,14,32,0
1329,6,4,1
1330,8,16,1
1331,11,12,1
1332,5,1,1
1333,1,36,1
1334,7,47,1
1335,13,0,0
1336,8,20,0
1337,11,17,1
1338,0,10,1
1339,3,30,0
1340,0,16,1
1341,12,29,1
1342,11,40,1
1343,8,35,0
1344,4,28,0
1345,7,4,1
1346,3,38,0
1347,10,43,0
1348,8,40,1
1349,10,26,0
1350,5,27,1
1351,2,14,0
1352,9,9,0
1353,7,37,1
1354,11,5,0
1355,4,9,0
1356,12,46,1
1357,4,24,0
1358,7,37,1
1359,13,37,0
1360,4,8,0
1361,15,45,0
1362,9,10,1
1363,14,11,1
1364,4,17,0
1365,9,8,1
1366,7,3,0
1367,13,12,1
1368,3,46,1
1369,6,17,0
1370,2,34,0
1371,1,29,0
1372,12,36,0
1373,5,37,1
1374,8,18,0
1375,10,31,0
1376,5,13,0
1377,10,44,0
1378,8,45,1
1379,13,32,0
1380,4,33,1
1381,7,6,1
1382,9,29,1
1383,9,26,1
1384,8,32,0
1385,13,44,1
1386,12,38,0
1387,2,33,0
1388,0,36,0
1389,8,44,1
1390,13,45,1
1391,1,15,1
1392,1,45,0
1393,3,50,1
1394,0,38,0
1395,4,16,1
1396,12,50,0
1397,4,0,0
1398,10,47,1
1399,1,47,1
1400,9,50,1
1401,5,3,1
1402,15,21,1
1403,5,47,1
1404,3,36,1
1405,7,18,1
1406,11,6,0
1407,7,29,0
1408,10,15,0
1409,7,38,1
1410,15,22,0
1411,3,19,1
1412,5,27,1
1413,10,7,1
1414,3,49,0
1415,3,10,1
1416,10,46,0
1417,5,29,1
1418,5,7,0
1419,10,12,1
1420,11,20,1
1421,10,23,0
1422,15,21,0
1423,4,50,0
1424,8,40,1
1425,7,41,1
1426,10,39,0
1427,2,15,0
1428,1,2,1
1429,1,27,1
1430,7,24,1
1431,14,17,0
1432,15,1,0
1433,14,43,1
1434,3,8,0
1435,5,34,0
1436,10,37,0
1437,12,4,0
1438,9,22,0
1439,13,45,0
1440,6,4,1
1441,7,43,0
1442,2,4,1
1443,1,38,1
1444,15,17,0
1445,6,10,1
1446,8,47,0
1447,0,36,0
1448,2,34,1
1449,5,0,0
1450,12,36,1
1451,11,4,0
1452,2,8,1
1453,11,29,1
1454,6,48,0
1455,14,28,1
1456,12,30,0
1457,2,16,1
1458,2,16,0
1459,6,34,0
1460,6,14,1
1461,1,17,0
1462,0,15,1
1463,1,1,1
1464,13,31,0
1465,13,47,0
1466,13,8,0
1467,1,9,1
1468,14,11,0
1469,13,24,0
1470,14,27,0
1471,7,1,0
1472,3,35,0
1473,11,7,1
1474,0,32,1
1475,6,23,1
1476,7,45,1
1477,6,48,0
1478,8,28,1
1479,15,4,1
1480,5,4,0
1481,15,17,1
1482,12,31,0
1483,14,50,1
1484,7,34,1
1485,2,20,0
1486,7,33,0
1487,15,3,1
1488,0,28,1
1489,15,43,1
1490,13,20,1
1491,11,11,0
1492,14,49,0
1493,14,5,1
1494,12,13,1
1495,7,16,1
1496,7,33,0
1497,9,22,0
1498,6,4,0
1499,2,37,1
1500,12,34,1
1501,4,34,0
1502,10,16,1
1503,8,20,1
1504,1,12,1
1505,4,33,1
1506,9,25,1
1507,4,37,0
1508,10,13,1
1509,3,12,0
1510,3,21,1
1511,8,5,1
1512,15,1,1
1513,15,5,1
1514,5,10,0
1515,11,38,1
1516,1,9,1
1517,8,47,0
1518,9,33,1
1519,14,39,1
1520,5,25,0
1521,4,46,0
1522,11,20,1
1523,4,49,1
1524,2,46,1
1525,14,34,1
1526,11,20,0
1527,10,18,1
1528,0,39,0
1529,8,38,0
1530,1,3,1
1531,8,21,1
1532,5,37,1
1533,10,13,0
1534,5,7,1
1535,12,0,1
1536,13,19,0
1537,5,4,0
1538,15,0,1
1539,8,28,0
1540,4,0,0
1541,10,39,0
1542,9,32,0
1543,13,24,1
1544,13,1,0
1545,0,47,0
1546,14,6,0
1547,5,39,1
1548,4,14,0
1549,14,12,0
1550,12,37,0
1551,10,49,1
1552,5,48,0
1553,9,32,0
1554,9,33,0
1555,7,33,0
1556,9,17,0
1557,6,40,1
1558,2,30,0
1559,4,8,0
1560,14,11,0
1561,9,25,1
1562,6,10,1
1563,10,7,1
1564,9,50,0
1565,13,20,0
1566,8,12,0
1567,10,10,1
1568,5,43,0
1569,5,26,0
1570,3,4,1
1571,11,40,1
1572,14,33,1
1573,15,24,0
1574,10,3,0
1575,6,6,1
1576,10,17,1
1577,12,0,0
1578,3,20,1
1579,0,44,0
1580,5,22,1
1581,11,42,0
1582,15,1,1
1583,12,50,1
1584,5,46,1
1585,13,50,0
1586,9,6,0
1587,12,36,1
1588,12,24,0
1589,14,29,0
1590,8,35,1
1591,2,15,1
1592,15,31,0
1593,8,22,1
1594,7,18,1
1595,1,20,1
1596,4,26,1
1597,15,5,0
1598,11,25,1
1599,11,2,0
1600,15,26,1
1601,14,7,0
1602,14,11,0
1603,7,9,1
1604,8,47,0
1605,6,49,0
1606,13,31,1
1607,8,46,0
1608,6,48,0
1609,0,22,1
1610,11,37,0
1611,6,8,0
1612,1,6,1
1613,8,11,0
1614,10,26,1
1615,5,5,1
1616,0,48,1
1617,14,31,1
1618,12,22,0
1619,11,44,1
1620,13,2,0
1621,8,10,1
1622,15,3,0
1623,0,13,0
1624,4,9,1
1625,14,49,1
1626,0,13,0
1627,5,47,0
1628,1,6,0
1629,5,31,1
1630,10,35,1
1631,5,1,0
1632,0,44,1
1633,4,32,1
1634,0,10,0
1635,8,7,1
1636,6,25,1
1637,9,30,0
1638,14,16,1
1639,14,9,0
1640,15,6,1
1641,11,8,1
1642,8,14,0
1643,10,8,0
1644,7,47,0
1645,3,39,0
1646,9,2,0
1647,9,5,0
1648,7,2,1
1649,8,44,0
1650,2,39,0
1651,14,34,1
1652,4,23,0
1653,6,18,1
1654,12,2,0
1655,0,2,1
1656,15,34,1
1657,5,41,1
1658,0,11,0
1659,13,33,0
1660,5,48,0
1661,11,48,1
1662,11,34,1
1663,10,24,0
1664,1,33,0
1665,3,8,0
1666,13,35,0
1667,0,21,1
1668,0,0,0
1669,0,42,0
1670,12,4,1
1671,6,6,0
1672,14,35,0
1673,13,7,0
1674,5,27,1
1675,5,37,1
1676,9,11,1
1677,7,41,0
1678,1,36,1
1679,3,10,1
1680,8,0,0
1681,7,40,0
1682,1,34,1
1683,7,15,1
1684,5,40,0
1685,6,13,0
1686,2,22,0
1687,0,38,1
1688,5,21,0
1689,4,24,0
1690,5,10,1
1691,3,34,0
1692,1,22,1
1693,2,28,0
1694,2,9,0
1695,9,30,0
1696,4,15,0
1697,11,14,1
1698,9,0,0
1699,4,17,0
1700,6,4,0
1701,9,33,1
1702,11,16,1
1703,10,31,1
1704,7,25,1
1705,5,40,1
1706,4,48,0
1707,12,31,0
1708,4,3,0
1709,10,35,1
1710,14,38,0
1711,6,50,1
1712,5,31,0
1713,15,35,0
1714,10,1,0
1715,10,47,0
1716,11,41,0
1717,4,45,1
1718,13,25,0
1719,12,46,0
1720,2,32,0
1721,6,45,1
1722,14,1,0
1723,0,2,0
1724,4,6,1
1725,1,44,0
1726,4,44,1
1727,15,7,0
1728,9,31,1
1729,5,46,1
1730,8,9,0
1731,2,16,1
1732,13,18,1
1733,6,8,0
1734,10,14,1
1735,6,36,1
1736,6,13,1
1737,12,3,0
1738,10,3,1
1739,2,7,1
1740,9,1,0
1741,0,47,1
1742,1,13,0
1743,5,43,1
1744,13,0,1
1745,4,42,0
1746,9,25,0
1747,12,8,0
1748,1,36,1
1749,6,26,1
1750,11,34,1
1751,2,3,1
1752,11,6,0
1753,10,18,0
1754,4,48,1
1755,7,46,1
1756,13,45,1
1757,11,8,1
1758,0,46,1
1759,7,41,1
1760,3,11,0
1761,13,36,0
1762,1,50,1
1763,6,1,1
1764,5,34,1
1765,5,21,1
1766,7,39,1
1767,5,45,1
1768,15,19,1
1769,12,37,1
1770,6,32,1
1771,6,40,0
1772,1,25,1
1773,3,46,0
1774,6,33,1
1775,6,20,1
1776,13,24,0
1777,11,25,0
1778,3,1,1
1779,9,43,1
1780,0,5,0
1781,13,20,1
1782,15,22,0
1783,5,1,1
1784,0,2,0
1785,15,28,1
1786,5,18,0
1787,3,21,1
1788,8,27,1
1789,0,0,0
1790,14,12,0
1791,9,42,1
1792,10,15,1
1793,0,44,0
1794,15,17,1
1795,3,10,0
1796,4,36,1
1797,12,3,0
1798,14,18,1
1799,3,7,1
1800,5,34,0
1801,6,35,1
1802,14,7,0
1803,1,24,1
1804,15,35,1
1805,10,28,1
1806,14,26,1
1807,2,38,0
1808,12,37,0
1809,12,38,1
1810,5,1,0
1811,8,27,0
1812,0,1,1
1813,15,0,1
1814,6,19,0
1815,15,9,1
1816,13,9,0
1817,6,22,0
1818,14,33,1
1819,10,46,1
1820,9,32,0
1821,10,3,0
1822,7,20,1
1823,1,48,1
1824,6,45,0
1825,1,4,0
1826,9,33,1
1827,9,44,1
1828,14,43,0
1829,12,36,1
1830,4,31,1
1831,5,2,1
1832,11,37,1
1833,5,42,0
1834,8,1,1
1835,13,50,1
1836,1,28,1
1837,15,41,0
1838,3,29,1
1839,3,12,0
1840,14,45,1
1841,3,42,1
1842,13,25,0
1843,11,46,0
1844,1,42,0
1845,10,41,1
1846,3,1,1
1847,15,2,1
1848,12,36,0
1849,8,6,0
1850,5,48,1
1851,0,13,0
1852,11,27,1
1853,4,22,0
1854,10,49,0
1855,6,32,1
1856,12,31,0
1857,4,46,1
1858,2,36,1
1859,2,32,0
1860,10,41,0
1861,14,4,1
1862,7,16,0
1863,13,27,1
1864,12,46,0
1865,9,2,1
1866,7,31,1
1867,0,40,1
1868,0,17,0
1869,10,23,1
1870,3,42,1
1871,10,49,0
1872,14,45,1
1873,10,37,0
1874,0,14,0
1875,9,26,0
1876,8,23,1
1877,3,21,1
1878,5,13,1
1879,7,10,0
1880,15,3,0
1881,15,12,0
1882,1,0,1
1883,4,32,1
1884,5,25,0
1885,3,21,1
1886,9,18,0
1887,0,2,1
1888,9,32,0
1889,13,4,1
1890,2,45,0
1891,1,10,1
1892,2,39,0
1893,13,4,0
1894,6,15,1
1895,2,33,1
1896,8,24,0
1897,14,47,1
1898,5,16,1
1899,14,41,1
1900,15,12,0
1901,1,7,1
1902,0,37,1
1903,4,40,1
1904,4,21,1
1905,5,10,1
1906,13,14,0
1907,5,17,0
1908,15,37,0
1909,3,1,1
1910,3,26,0
1911,12,34,1
1912,12,21,1
1913,8,31,1
1914,3,7,1
1915,0,29,1
1916,6,42,1
1917,2,30,0
1918,0,46,1
1919,12,39,0
1920,0,48,0
1921,10,33,0
1922,6,20,1
1923,14,0,1
1924,8,7,1
1925,15,23,1
1926,7,16,1
1927,12,33,1
1928,7,4,1
1929,15,3,0
1930,5,29,0
1931,6,33,0
1932,10,21,0
1933,4,14,0
1934,8,23,0
1935,0,41,0
1936,9,30,1
1937,4,39,1
1938,8,18,0
1939,0,45,1
1940,12,26,0
1941,8,22,0
1942,6,44,0
1943,11,0,0
1944,11,45,1
1945,13,0,0
1946,5,49,0
1947,12,7,0
1948,9,23,1
1949,7,36,1
1950,10,42,1
1951,5,3,0
1952,10,39,0
1953,5,13,0
1954,2,42,1
1955,12,25,1
1956,11,10,1
1957,4,49,0
1958,9,9,1
1959,12,45,0
1960,1,32,1
1961,2,18,1
1962,14,23,0
1963,10,14,1
1964,11,47,1
1965,12,36,1
1966,1,20,1
1967,12,14,0
1968,4,15,1
1969,7,26,0
1970,5,43,0
1971,15,38,1
1972,8,20,1
1973,12,5,1
1974,7,50,1
1975,12,4,1
1976,4,21,1
1977,4,12,1
1978,3,31,0
1979,1,10,0
1980,10,38,1
1981,4,25,1
1982,6,36,1
1983,9,1,1
1984,12,7,0
1985,6,46,1
1986,9,18,0
1987,12,28,1
1988,4,25,1
1989,1,29,0
1990,15,48,1
1991,4,20,1
1992,14,33,0
1993,2,33,1
1994,10,29,0
1995,14,42,1
1996,4,50,1
1997,10,48,0
1998,14,8,1
1999,11,46,1
2000,6,44,1
2001,1,27,0
2002,3,33,0
2003,5,18,1
2004,13,45,1
2005,13,50,1
2006,5,28,1
2007,8,35,1
2008,3,43,1
2009,9,33,0
2010,11,45,0
2011,11,45,0
2012,9,2,1
2013,4,30,0
2014,11,37,1
2015,7,16,0
2016,1,21,1
2017,3,25,0
2018,0,9,0
2019,0,9,1
2020,8,15,1
2021,5,29,0
2022,3,14,1
2023,5,42,0
2024,11,31,1
2025,7,23,1
2026,6,3,1
2027,2,29,1
2028,12,26,0
2029,9,0,0
2030,6,6,1
2031,9,49,1
2032,1,39,0
2033,11,39,0
2034,15,35,1
2035,0,21,1
2036,10,9,0
2037,5,41,0
2038,11,31,0
2039,13,40,1
2040,12,50,1
2041,3,46,0
2042,2,33,1
2043,13,41,0
2044,9,2,0
2045,14,5,0
2046,9,38,1
2047,2,20,0
2048,9,40,0
2049,7,14,1
2050,2,11,0
2051,11,5,1
2052,9,18,0
2053,1,25,0
2054,13,2,1
2055,0,12,1
2056,4,31,1
2057,2,46,1
2058,7,18,1
2059,14,22,1
2060,7,47,0
2061,4,36,1
2062,7,35,1
2063,4,42,0
2064,0,47,0
2065,10,20,0
2066,10,12,1
2067,6,26,1
2068,10,20,1
2069,3,15,0
2070,2,22,1
2071,7,47,0
2072,3,33,1
2073,12,34,1
2074,15,40,0
2075,1,29,1
2076,12,26,0
2077,11,46,1
2078,2,11,1
2079,10,24,0
2080,12,32,1
2081,2,5,1
2082,2,19,0
2083,2,46,0
2084,14,46,1
2085,8,49,1
2086,0,16,1
2087,8,5,0
2088,15,37,0
2089,11,27,1
2090,7,16,0
2091,4,27,1
2092,5,6,1
2093,8,37,0
2094,10,32,0
2095,4,31,1
2096,14,24,1
2097,8,38,0
2098,0,2,0
2099,10,38,1
2100,15,35,0
2101,11,42,1
2102,10,8,1
2103,15,1,0
2104,10,49,0
2105,8,29,1
2106,8,8,1
2107,12,49,1
2108,1,47,0
2109,12,49,0
2110,13,3,0
2111,1,37,1
2112,4,44,1
2113,15,35,0
2114,11,20,1
2115,1,15,1
2116,7,42,0
2117,3,43,0
2118,0,13,1
2119,5,13,0
2120,8,24,1
2121,4,7,1
2122,14,1,1
2123,10,37,1
2124,7,47,1
2125,7,1,1
2126,8,46,0
2127,7,0,1
2128,4,11,0
2129,3,48,0
2130,3,6,1
2131,13,45,0
2132,2,39,0
2133,5,30,1
2134,4,8,0
2135,8,44,0
2136,6,5,1
2137,13,39,1
2138,6,15,0
2139,8,3,0
2140,14,10,0
2141,4,28,1
2142,12,8,1
2143,1,19,0
2144,11,12,1
2145,11,11,0
2146,2,27,0
2147,14,47,0
2148,13,17,1
2149,2,41,1
2150,11,0,0
2151,14,6,0
2152,9,40,1
2153,12,10,1
2154,2,41,0
2155,12,6,1
2156,15,38,1
2157,0,4,1
2158,14,23,0
2159,6,38,0
2160,4,0,0
2161,6,30,1
2162,10,8,1
2163,9,6,0
2164,0,33,1
2165,0,35,1
2166,6,20,1
2167,1,1,0
2168,9,15,1
2169,5,34,0
2170,12,29,0
2171,15,27,1
2172,3,20,1
2173,5,20,1
2174,5,38,0
2175,9,42,0
2176,6,35,0
2177,13,2,1
2178,0,23,0
2179,15,2,0
2180,12,36,1
2181,14,46,0
2182,0,17,1
2183,10,41,1
2184,0,22,0
2185,0,35,0
2186,0,49,1
2187,0,22,1
2188,10,1,0
2189,3,19,0
2190,14,24,0
2191,4,43,1
2192,9,1,1
2193,4,22,1
2194,8,8,0
2195,10,33,0
2196,4,28,1
2197,7,29,0
2198,12,39,1
2199,10,45,0
2200,1,11,1
2201,1,42,0
2202,8,10,1
2203,11,16,0
2204,9,37,1
2205,7,12,0
2206,7,29,0
2207,1,25,1
2208,13,18,0
2209,13,25,0
2210,14,10,0
2211,5,46,0
2212,11,29,0
2213,4,33,1
2214,12,17,0
2215,13,13,0
2216,12,25,0
2217,12,24,1
2218,8,36,0
2219,14,37,1
2220,3,32,0
2221,4,30,1
2222,15,19,0
2223,11,22,0
2224,5,26,1
2225,1,8,1
2226,2,41,1
2227,4,14,0
2228,4,42,1
2229,15,24,0
2230,2,50,0
2231,11,38,0
2232,15,35,1
2233,3,35,1
2234,1,9,0
2235,15,12,0
2236,6,45,0
2237,3,41,0
2238,14,42,0
2239,3,1,1
2240,15,21,0
2241,1,32,0
2242,3,49,1
2243,12,35,0
2244,6,36,1
2245,14,30,0
2246,9,23,0
2247,9,29,0
2248,0,11,0
2249,12,46,1
2250,9,49,1
2251,6,37,1
2252,13,14,0
2253,6,26,0
2254,6,34,0
2255,3,5,0
2256,7,24,0
2257,3,10,0
2258,9,32,1
2259,13,9,1
2260,10,6,0
2261,13,50,1
2262,2,48,1
2263,3,26,1
2264,6,26,0
2265,6,35,0
2266,3,40,0
2267,8,40,1
2268,7,12,1
2269,6,15,0
2270,5,5,0
2271,12,15,0
2272,6,38,1
2273,1,20,1
2274,12,31,0
2275,8,39,0
2276,4,15,0
2277,7,39,0
2278,12,33,0
2279,13,32,0
2280,10,35,1
2281,13,45,1
2282,8,42,0
2283,0,11,0
2284,11,11,1
2285,1,44,1
2286,6,38,1
2287,11,24,1
2288,7,13,0
2289,10,22,0
2290,11,6,1
2291,11,22,1
2292,1,8,1
2293,15,39,0
2294,0,42,1
2295,5,13,1
2296,6,26,0
2297,5,24,1
2298,4,34,0
2299,0,25,1
2300,13,8,1
2301,1,8,1
2302,12,9,0
2303,0,16,1
2304,15,31,1
2305,11,13,0
2306,11,21,1
2307,12,18,0
2308,11,40,1
2309,1,14,0
2310,3,29,1
2311,3,19,1
2312,12,6,1
2313,7,23,0
2314,10,40,1
2315,10,28,0
2316,2,40,0
2317,14,8,0
2318,13,8,1
2319,12,22,0
2320,6,23,0
2321,1,24,1
2322,12,21,0
2323,8,40,1
2324,1,41,0
2325,7,20,0
2326,3,28,1
2327,13,16,1
2328,1,28,1
2329,0,46,0
2330,5,49,0
2331,8,6,0
2332,1,34,0
2333,15,0,0
2334,10,46,1
2335,0,41,1
2336,15,37,1
2337,4,16,1
2338,2,22,1
2339,12,20,0
2340,3,37,1
2341,5,27,0
2342,3,41,1
2343,3,47,0
2344,6,43,0
2345,4,11,1
2346,2,39,1
2347,5,9,0
2348,2,22,1
2349,3,29,1
2350,8,29,1
2351,12,29,0
2352,5,18,0
2353,0,25,0
2354,1,26,1
2355,14,23,1
2356,8,9,0
2357,8,30,1
2358,10,27,0
2359,11,41,1
2360,2,25,1
2361,7,17,1
2362,5,16,1
2363,7,20,0
2364,10,36,1
2365,7,15,1
2366,7,4,0
2367,12,13,0
2368,0,8,1
2369,6,38,1
2370,0,1,1
2371,6,21,1
2372,10,15,0
2373,10,43,1
2374,5,40,1
2375,10,38,1
2376,10,28,1
2377,13,49,0
2378,8,35,0
2379,12,37,1
2380,11,34,1
2381,1,17,1
2382,5,40,1
2383,5,30,1
2384,12,12,0
2385,0,2,1
2386,10,35,0
2387,15,8,0
2388,8,28,1
2389,12,48,1
2390,7,37,0
2391,15,30,0
2392,6,42,0
2393,2,27,1
2394,8,42,0
2395,3,6,0
2396,2,49,1
2397,10,27,1
2398,9,26,1
2399,5,24,1
2400,4,15,0
2401,14,49,0
2402,2,18,1
2403,2,34,0
2404,6,34,0
2405,14,38,0
2406,5,29,0
2407,13,2,1
2408,6,41,0
2409,9,46,0
2410,6,13,1
2411,10,11,0
2412,4,18,1
2413,11,17,1
2414,12,28,1
2415,8,38,1
2416,1,27,1
2417,13,14,0
2418,9,12,1
2419,6,9,1
2420,13,19,1
2421,8,45,1
2422,7,5,1
2423,3,47,0
2424,13,31,0
2425,3,3,0
2426,5,1,1
2427,13,48,0
2428,1,1,0
2429,7,33,0
2430,2,43,0
2431,6,15,1
2432,10,24,0
2433,0,39,0
2434,2,17,1
2435,4,33,0
2436,12,39,0
2437,3,48,1
2438,6,36,0
2439,3,50,1
2440,10,22,1
2441,11,34,1
2442,13,41,1
2443,1,28,1
2444,5,31,1
2445,1,11,0
2446,13,6,1
2447,1,24,0
2448,12,26,0
2449,15,45,0
2450,1,12,0
2451,9,29,1
2452,4,20,1
2453,5,5,0
2454,6,4,1
2455,0,37,1
2456,1,45,1
2457,1,29,0
2458,8,41,1
2459,12,8,0
2460,15,37,1
2461,0,35,0
2462,9,38,0
2463,5,23,1
2464,12,42,0
2465,0,10,0
2466,7,1,1
2467,3,44,1
2468,4,43,0
2469,11,39,0
2470,8,20,0
2471,8,30,0
2472,13,27,1
2473,5,25,0
2474,9,48,0
2475,9,49,0
2476,5,1,1
2477,6,22,1
2478,15,47,1
2479,12,36,0
2480,10,4,0
2481,15,43,1
2482,8,25,1
2483,3,47,1
2484,6,15,0
2485,8,20,0
2486,12,48,0
2487,7,32,0
2488,15,10,0
2489,10,42,1
2490,13,13,0
2491,5,30,0
2492,12,23,1
2493,7,27,1
2494,12,33,1
2495,15,14,1
2496,10,22,1
2497,11,43,1
2498,12,6,1
2499,15,10,1
2500,6,32,0
2501,9,16,0
2502,1,47,1
2503,11,8,0
2504,0,5,0
2505,13,11,1
2506,1,38,0
2507,8,0,1
2508,13,44,0
2509,3,0,0
2510,10,8,0
2511,10,17,0
2512,1,21,1
2513,14,18,0
2514,8,29,0
2515,1,42,1
2516,0,21,1
2517,4,7,0
2518,5,11,1
2519,13,38,1
2520,15,24,1
2521,12,14,0
2522,2,27,1
2523,12,41,1
2524,11,17,0
2525,4,48,0
2526,12,27,1
2527,1,20,0
2528,6,30,0
2529,0,41,0
2530,11,4,1
2531,0,21,0
2532,6,42,0
2533,5,5,1
2534,6,49,1
2535,9,16,1
2536,2,15,1
2537,9,30,1
2538,9,26,0
2539,6,48,1
2540,1,36,0
2541,12,16,1
2542,13,42,0
2543,0,13,1
2544,15,44,0
2545,4,24,0
2546,9,12,1
2547,11,43,0
2548,1,14,0
2549,13,37,0
2550,10,17,0
2551,7,48,0
2552,2,46,1
2553,4,21,1
2554,0,8,1
2555,12,13,0
2556,3,8,1
2557,14,27,1
2558,11,26,0
2559,13,44,1
2560,2,18,0
2561,6,33,0
2562,5,29,0
2563,13,45,0
2564,14,13,1
2565,4,19,0
2566,12,49,0
2567,8,42,1
2568,4,8,0
2569,1,34,0
2570,10,2,0
2571,1,44,1
2572,2,0,0
2573,12,23,0
2574,4,32,0
2575,15,10,1
2576,4,27,1
2577,3,30,0
2578,14,36,1
2579,10,2,0
2580,7,9,0
2581,1,7,1
2582,10,15,1
2583,4,45,1
2584,11,40,0
2585,10,4,0
2586,1,30,0
2587,13,18,0
2588,3,2,1
2589,15,41,1
2590,15,42,0
2591,2,23,1
2592,11,45,0
2593,12,49,0
2594,8,11,1
2595,2,8,0
2596,2,16,0
2597,11,46,0
2598,3,47,1
2599,4,9,1
2600,8,45,1
2601,10,6,0
2602,13,18,0
2603,9,48,1
2604,11,6,0
2605,6,45,0
2606,10,37,0
2607,10,14,1
2608,9,16,0
2609,14,10,1
2610,12,1,0
2611,10,14,1
2612,15,44,1
2613,7,2,0
2614,2,33,1
2615,10,29,1
2616,8,42,1
2617,15,13,0
2618,8,4,1
2619,1,2,0
2620,13,0,1
2621,2,18,1
2622,5,18,1
2623,9,44,1
2624,15,16,0
2625,4,34,0
2626,0,14,0
2627,15,19,1
2628,11,0,0
2629,4,38,1
2630,5,13,0
2631,12,4,0
2632,4,28,1
2633,1,11,1
2634,14,24,0
2635,4,3,1
2636,5,49,0
2637,9,17,0
2638,12,46,0
2639,11,37,0
2640,14,27,0
2641,10,15,1
2642,15,15,0
2643,15,35,0
2644,8,14,0
2645,3,50,0
2646,6,10,0
2647,6,33,0
2648,5,42,1
2649,14,12,0
2650,2,20,0
2651,9,7,0
2652,9,5,0
2653,15,11,0
2654,9,33,1
2655,13,1,1
2656,9,26,0
2657,9,38,1
2658,12,4,1
2659,6,36,0
2660,5,22,1
2661,2,41,1
2662,3,25,1
2663,1,39,0
2664,12,11,0
2665,4,18,0
2666,2,22,1
2667,10,14,1
2668,6,3,0
2669,2,44,0
2670,8,17,1
2671,8,9,1
2672,2,29,1
2673,15,26,1
2674,5,32,1
2675,4,39,1
2676,1,12,1
2677,14,29,1
2678,2,11,1
2679,0,34,1
2680,10,36,1
2681,5,28,1
2682,15,38,1
2683,8,10,0
2684,5,6,1
2685,14,44,0
2686,7,6,1
2687,8,39,0
2688,14,7,0
2689,15,15,1
2690,5,40,1
2691,0,34,0
2692,12,23,1
2693,4,27,1
2694,7,12,1
2695,7,29,0
2696,13,2,0
2697,0,20,0
2698,7,49,0
2699,15,41,1
2700,14,42,1
2701,5,16,1
2702,14,43,1
2703,15,21,0
2704,0,2,0
2705,11,13,1
2706,4,12,0
2707,15,46,1
2708,14,32,1
2709,4,32,1
2710,1,12,0
2711,5,15,1
2712,11,17,0
2713,1,22,0
2714,2,18,1
2715,1,21,0
2716,11,41,0
2717,8,18,1
2718,3,22,0
2719,14,36,0
2720,6,34,0
2721,10,5,0
2722,9,19,1
2723,15,10,1
2724,10,24,0
2725,11,39,1
2726,7,12,0
2727,6,38,1
2728,15,14,0
2729,4,18,1
2730,3,31,1
2731,1,23,0
2732,14,49,1
2733,2,22,0
2734,15,49,0
2735,7,17,1
2736,4,48,0
2737,5,17,0
2738,5,45,0
2739,13,39,1
2740,7,39,0
2741,12,1,1
2742,3,21,1
2743,12,32,0
2744,12,49,1
2745,8,34,1
2746,1,40,0
2747,6,19,0
2748,11,2,1
2749,6,50,0
2750,12,41,1
2751,6,29,0
2752,2,3,1
2753,7,49,0
2754,13,30,1
2755,5,13,0
2756,11,30,1
2757,10,5,1
2758,3,38,0
2759,0,8,1
2760,2,37,1
2761,1,18,0
2762,12,1,0
2763,6,14,0
2764,1,8,1
2765,9,50,1
2766,10,46,1
2767,11,39,1
2768,2,26,0
2769,7,11,0
2770,4,17,0
2771,13,23,1
2772,0,47,1
2773,3,18,0
2774,13,50,1
2775,9,35,1
2776,0,26,0
2777,13,44,0
2778,14,50,0
2779,1,24,0
2780,14,0,1
2781,11,19,1
2782,0,0,0
2783,12,16,0
2784,4,30,1
2785,8,9,0
2786,5,33,1
2787,13,17,1
2788,11,46,0
2789,5,23,1
2790,1,42,0
2791,8,22,0
2792,7,39,1
2793,5,29,0
2794,14,36,1
2795,0,37,1
2796,5,10,1
2797,6,23,1
2798,7,22,0
2799,14,46,0
2800,8,23,0
2801,6,3,1
2802,14,31,1
2803,0,10,0
2804,3,21,0
2805,12,25,1
2806,1,15,1
2807,15,39,0
2808,10,48,0
2809,9,16,1
2810,2,49,0
2811,3,47,1
2812,13,20,0
2813,2,45,0
2814,1,41,1
2815,2,11,0
2816,2,36,0
2817,13,35,1
2818,11,33,1
2819,3,37,1
2820,3,32,1
2821,8,26,0
2822,4,37,1
2823,1,3,0
2824,5,46,1
2825,13,7,0
2826,9,18,1
2827,6,35,1
2828,9,16,1
2829,0,47,1
2830,11,32,1
2831,15,29,1
2832,3,18,0
2833,9,31,1
2834,7,32,0
2835,14,34,1
2836,8,10,1
2837,2,23,0
2838,3,19,1
2839,7,39,1
2840,7,30,0
2841,2,9,0
2842,4,21,0
2843,1,37,1
2844,14,48,0
2845,2,32,0
2846,4,12,0
2847,2,38,0
2848,3,32,0
2849,8,5,1
2850,14,15,1
2851,2,50,0
2852,14,38,1
2853,11,10,0
2854,15,23,1
2855,13,42,0
2856,9,16,1
2857,8,1,1
2858,1,48,1
2859,9,38,1
2860,15,45,0
2861,3,15,1
2862,12,32,0
2863,1,4,0
2864,15,5,0
2865,1,49,1
2866,2,19,0
2867,9,33,0
2868,12,21,0
2869,2,45,0
2870,4,18,0
2871,7,36,1
2872,2,6,1
2873,2,4,1
2874,5,45,0
2875,4,21,0
2876,0,19,1
2877,14,40,0
2878,15,5,0
2879,12,2,0
2880,15,11,1
2881,7,35,1
2882,5,33,1
2883,5,21,1
2884,7,17,1
2885,3,5,0
2886,15,9,1
2887,9,36,1
2888,6,19,1
2889,12,16,1
2890,8,6,1
2891,15,35,1
2892,15,46,1
2893,6,22,1
2894,7,48,1
2895,2,1,1
2896,4,45,1
2897,5,25,1
2898,0,25,1
2899,14,1,1
2900,6,27,1
2901,13,48,1
2902,6,49,0
2903,8,1,0
2904,0,15,1
2905,1,28,1
2906,13,15,1
2907,10,49,0
2908,1,28,1
2909,3,32,0
2910,14,14,0
2911,4,0,1
2912,1,12,0
2913,6,39,0
2914,6,2,0
2915,12,44,0
2916,1,46,1
2917,4,18,1
2918,15,10,1
2919,9,11,0
2920,12,26,1
2921,6,50,1
2922,12,49,1
2923,12,38,0
2924,15,31,0
2925,13,35,0
2926,13,49,0
2927,1,48,0
2928,1,3,1
2929,2,7,0
2930,13,5,1
2931,0,16,0
2932,2,35,1
2933,0,43,0
2934,11,11,1
2935,2,19,0
2936,4,45,0
2937,15,39,0
2938,10,12,0
2939,15,12,0
2940,6,33,1
2941,1,15,0
2942,12,48,0
2943,0,0,1
2944,14,49,0
2945,1,17,1
2946,11,45,0
2947,15,24,1
2948,0,4,1
2949,6,35,0
2950,3,37,0
2951,4,31,0
2952,2,45,1
2953,5,3,1
2954,9,6,0
2955,10,2,0
2956,9,34,1
2957,4,44,0
2958,10,34,0
2959,4,33,0
2960,5,29,1
2961,4,4,0
2962,13,31,0
2963,14,30,1
2964,14,46,0
2965,3,11,0
2966,9,30,0
2967,2,26,0
2968,14,28,1
2969,0,7,0
2970,3,0,1
2971,15,49,0
2972,13,21,0
2973,1,44,1
2974,0,13,1
2975,13,13,0
2976,8,42,1
2977,6,44,1
2978,0,34,0
2979,13,3,1
2980,8,39,1
2981,0,0,0
2982,10,35,1
2983,6,28,1
2984,11,34,0
2985,9,37,0
2986,11,48,0
2987,4,36,0
2988,0,46,1
2989,7,16,0
2990,2,19,1
2991,6,30,0
2992,7,4,0
2993,5,25,1
2994,13,48,1
2995,10,37,0
2996,12,24,1
2997,8,37,1
2998,8,35,1
2999,0,3,0
3000,12,12,1
3001,8,3,0
3002,12,35,0
3003,15,44,1
3004,10,23,1
3005,14,48,1
3006,9,33,1
3007,15,7,1
3008,6,34,1
3009,10,6,0
3010,3,26,1
3011,11,27,0
3012,10,13,0
3013,1,47,0
3014,14,19,1
3015,2,2,0
3016,2,37,0
3017,13,18,1
3018,14,33,0
3019,14,34,0
3020,10,21,0
3021,4,25,1
3022,13,34,1
3023,14,35,1
3024,14,50,0
3025,7,26,1
3026,5,47,1
3027,8,18,1
3028,14,50,1
3029,2,10,0
3030,5,45,1
3031,8,33,1
3032,10,47,1
3033,15,30,0
3034,14,30,0
3035,2,30,1
3036,1,29,1
3037,5,26,1
3038,9,9,0
3039,5,39,0
3040,1,27,1
3041,7,18,0
3042,13,36,1
3043,15,0,1
3044,10,38,0
3045,5,39,1
3046,0,11,0
3047,8,48,0
3048,6,14,0
3049,13,23,0
3050,0,48,0
3051,4,32,0
3052,6,9,1
3053,1,31,0
3054,0,45,1
3055,0,0,0
3056,15,29,1
3057,13,26,1
3058,10,6,0
3059,13,19,1
3060,15,41,1
3061,7,2,0
3062,0,16,0
3063,0,50,0
3064,13,43,0
3065,10,19,1
3066,13,34,0
3067,3,13,0
3068,2,29,0
3069,10,20,1
3070,13,1,0
3071,12,48,1
3072,5,43,0
3073,11,0,0
3074,3,14,1
3075,13,28,1
3076,2,27,0
3077,10,4,0
3078,10,47,0
3079,1,36,1
3080,0,15,1
3081,2,3,0
3082,7,31,1
3083,4,32,1
3084,1,6,1
3085,9,2,0
3086,15,32,0
3087,9,29,1
3088,4,7,0
3089,6,4,1
3090,15,50,0
3091,11,9,1
3092,6,30,0
3093,7,11,1
3094,0,39,0
3095,10,48,1
3096,11,9,0
3097,13,34,1
3098,4,47,0
3099,6,48,1
3100,1,38,1
3101,3,30,1
3102,5,25,1
3103,6,14,0
3104,10,41,1
3105,12,45,1
3106,9,47,1
3107,12,38,1
3108,10,50,0
3109,11,43,0
3110,11,23,0
3111,13,26,1
3112,5,29,0
3113,3,30,0
3114,1,3,0
3115,3,49,0
3116,4,11,0
3117,13,1,1
3118,3,42,0
3119,1,29,0
3120,15,42,0
3121,3,20,1
3122,8,45,1
3123,7,19,1
3124,11,11,1
3125,7,17,1
3126,8,38,0
3127,9,24,0
3128,14,4,1
3129,15,0,1
3130,5,25,1
3131,13,21,1
3132,4,47,0
3133,3,36,1
3134,12,29,1
3135,9,40,1
3136,8,43,1
3137,4,14,1
3138,8,32,1
3139,13,9,0
3140,5,23,1
3141,11,28,0
3142,10,45,0
3143,0,14,1
3144,15,37,1
3145,8,9,1
3146,6,17,0
3147,4,25,1
3148,7,4,0
3149,14,18,0
3150,4,24,1
3151,5,28,1
3152,12,21,1
3153,15,36,1
3154,2,29,0
3155,5,44,0
3156,15,3,0
3157,11,10,1
3158,15,9,1
3159,8,47,1
3160,4,46,1
3161,6,31,1
3162,3,21,1
3163,11,11,0
3164,8,19,1
3165,9,34,0
3166,12,5,1
3167,4,9,0
3168,1,34,0
3169,3,41,1
3170,8,19,1
3171,10,12,1
3172,2,40,1
3173,3,43,0
3174,5,9,1
3175,6,38,1
3176,12,2,0
3177,11,9,0
3178,8,26,1
3179,6,22,0
3180,10,25,1
3181,6,20,0
3182,3,32,0
3183,5,19,0
3184,4,15,0
3185,6,14,1
3186,3,0,1
3187,15,37,1
3188,9,0,0
3189,7,19,1
3190,5,50,0
3191,8,50,1
3192,3,47,0
3193,14,28,0
3194,9,30,1
3195,13,26,0
3196,7,5,1
3197,7,42,1
3198,13,46,0
3199,4,9,0
3200,13,2,0
3201,5,44,0
3202,7,43,0
3203,7,39,1
3204,0,24,1
3205,1,20,1
3206,10,48,0
3207,0,34,1
3208,9,32,1
3209,11,20,1
3210,10,17,1
3211,9,45,1
3212,15,27,0
3213,7,5,0
3214,5,26,0
3215,5,26,0
3216,5,19,0
3217,7,22,0
3218,0,35,1
3219,10,28,1
3220,6,15,1
3221,8,33,1
3222,11,2,0
3223,11,7,1
3224,15,18,0
3225,13,10,0
3226,13,29,0
3227,14,20,1
3228,13,24,1
3229,13,24,1
3230,5,0,0
3231,6,41,0
3232,4,32,0
3233,6,16,1
3234,10,17,1
3235,7,5,0
3236,14,10,0
3237,8,35,1
3238,1,46,0
3239,7,17,1
3240,4,14,0
3241,14,20,1
3242,8,47,1
3243,3,29,1
3244,2,5,1
3245,4,28,1
3246,9,2,0
3247,1,9,0
3248,9,50,1
3249,12,29,1
3250,3,13,0
3251,14,41,0
3252,4,41,0
3253,0,7,0
3254,1,13,1
3255,11,12,1
3256,15,21,1
3257,10,44,0
3258,9,15,1
3259,3,43,0
3260,4,43,0
3261,11,46,1
3262,2,0,0
3263,4,34,1
3264,13,12,0
3265,3,42,0
3266,12,2,1
3267,0,30,0
3268,5,24,0
3269,1,17,1
3270,9,46,0
3271,5,44,1
3272,1,12,0
3273,6,41,0
3274,15,19,0
3275,3,7,0
3276,4,33,0
3277,9,5,1
3278,14,44,1
3279,8,43,0
3280,1,46,0
3281,4,18,1
3282,13,41,0
3283,12,17,0
3284,14,31,1
3285,4,10,1
3286,15,18,0
3287,12,44,1
3288,15,8,1
3289,0,38,1
3290,14,19,0
3291,0,11,0
3292,15,27,0
3293,13,20,1
3294,8,14,1
3295,0,35,1
3296,0,44,1
3297,4,8,0
3298,2,7,1
3299,15,43,0
3300,10,9,1
3301,12,3,1
3302,15,18,1
3303,13,28,1
3304,6,4,1
3305,3,8,1
3306,9,18,0
3307,3,33,0
3308,8,2,0
3309,6,6,1
3310,6,3,1
3311,4,17,0
3312,2,26,0
3313,9,42,1
3314,2,8,1
3315,9,5,1
3316,1,3,1
3317,12,3,0
3318,7,25,1
3319,2,25,0
3320,12,9,0
3321,11,49,1
3322,14,31,1
3323,7,17,0
3324,3,30,0
3325,13,33,1
3326,12,31,1
3327,13,42,0
3328,6,33,1
3329,14,20,1
3330,14,18,1
3331,2,6,1
3332,13,36,0
3333,10,7,0
3334,13,21,0
3335,15,1,1
3336,4,17,0
3337,5,33,0
3338,7,14,1
3339,15,17,1
3340,3,34,0
3341,5,23,1
3342,2,16,1
3343,9,12,0
3344,3,11,1
3345,3,44,1
3346,8,19,0
3347,7,49,0
3348,11,16,1
3349,12,49,0
3350,4,28,1
3351,8,5,0
3352,7,16,0
3353,3,42,0
3354,14,36,0
3355,2,28,0
3356,3,21,1
3357,2,43,0
3358,5,19,1
3359,14,9,0
3360,8,17,0
3361,11,30,0
3362,6,32,0
3363,12,9,0
3364,0,47,1
3365,2,19,0
3366,11,17,0
3367,0,18,1
3368,6,2,0
3369,3,10,1
3370,9,35,1
3371,15,48,1
3372,11,31,1
3373,3,11,0
3374,11,45,0
3375,10,2,0
3376,14,30,1
3377,11,2,0
3378,5,1,0
3379,13,32,0
3380,3,24,1
3381,3,8,0
3382,9,4,1
3383,14,22,1
3384,15,25,0
3385,8,23,0
3386,2,26,0
3387,14,20,1
3388,4,8,0
3389,5,42,1
3390,5,8,1
3391,15,42,0
3392,13,8,0
3393,1,14,0
3394,12,33,0
3395,5,23,1
3396,6,23,1
3397,12,34,0
3398,11,26,1
3399,8,0,1
3400,6,24,1
3401,11,0,1
3402,3,46,0
3403,8,4,0
3404,9,22,0
3405,6,12,0
3406,3,39,0
3407,13,2,0
3408,4,7,1
3409,10,38,1
3410,15,41,1
3411,15,9,1
3412,14,29,1
3413,3,43,1
3414,10,23,0
3415,14,40,0
3416,3,10,0
3417,9,40,0
3418,5,12,0
3419,1,43,1
3420,12,37,0
3421,3,40,0
3422,2,7,1
3423,12,24,0
3424,0,31,0
3425,7,49,0
3426,8,33,1
3427,2,32,0
3428,14,41,1
3429,5,12,0
3430,13,5,1
3431,10,15,0
3432,12,16,1
3433,14,23,1
3434,8,48,1
3435,1,38,1
3436,3,46,0
3437,3,42,1
3438,0,46,0
3439,15,38,0
3440,10,1,0
3441,2,38,0
3442,11,21,0
3443,2,3,1
3444,10,40,1
3445,13,49,1
3446,3,26,1
3447,14,39,1
3448,10,21,1
3449,7,28,1
3450,14,16,1
3451,1,39,1
3452,10,18,0
3453,4,22,1
3454,15,42,0
3455,7,14,0
3456,12,22,1
3457,3,40,1
3458,0,50,1
3459,2,42,1
3460,0,45,0
3461,14,45,1
3462,1,4,1
3463,15,50,1
3464,8,0,1
3465,10,8,0
3466,5,11,1
3467,5,26,0
3468,7,21,1
3469,8,19,1
3470,13,12,0
3471,8,16,1
3472,9,35,0
3473,5,27,1
3474,13,39,1
3475,12,45,1
3476,13,50,1
3477,6,30,0
3478,14,3,0
3479,2,29,0
3480,14,45,1
3481,6,16,1
3482,2,1,1
3483,15,45,1
3484,14,46,0
3485,12,32,1
3486,10,19,0
3487,4,12,0
3488,0,30,0
3489,15,0,0
3490,6,42,1
3491,15,3,1
3492,7,15,1
3493,11,46,0
3494,11,23,0
3495,11,35,1
3496,13,32,0
3497,4,21,1
3498,9,19,0
3499,5,26,1
3500,7,31,0
3501,11,47,0
3502,2,27,0
3503,8,28,1
3504,2,19,0
3505,11,21,1
3506,6,42,1
3507,9,26,1
3508,9,21,1
3509,2,14,0
3510,7,46,1
3511,14,12,1
3512,0,17,0
3513,15,30,0
3514,3,26,0
3515,12,20,1
3516,6,47,0
3517,6,36,0
3518,0,43,1
3519,13,27,0
3520,1,12,1
3521,4,15,1
3522,14,24,0
3523,2,28,0
3524,3,17,1
3525,3,16,1
3526,7,28,1
3527,3,44,0
3528,2,4,0
3529,4,47,0
3530,5,4,1
3531,14,19,1
3532,4,1,0
3533,15,6,1
3534,5,38,0
3535,0,10,0
3536,7,11,1
3537,14,28,1
3538,2,18,0
3539,11,50,0
3540,1,28,0
3541,1,37,1
3542,1,32,0
3543,3,9,1
3544,6,14,0
3545,10,5,1
3546,5,4,0
3547,8,3,0
3548,1,45,0
3549,10,8,0
3550,5,48,1
3551,5,0,0
3552,15,31,1
3553,10,34,0
3554,6,11,0
3555,15,35,0
3556,11,42,1
3557,8,9,0
3558,14,15,1
3559,1,30,1
3560,8,44,1
3561,2,39,0
3562,13,6,0
3563,15,9,1
3564,2,34,1
3565,2,30,1
3566,10,33,0
3567,9,0,0
3568,3,18,1
3569,2,6,0
3570,13,1,0
3571,7,18,1
3572,3,2,1
3573,2,5,1
3574,11,15,1
3575,0,0,1
3576,5,7,0
3577,2,13,1
3578,2,49,0
3579,9,33,0
3580,2,50,0
3581,13,9,1
3582,9,14,1
3583,10,7,0
3584,14,31,0
3585,15,49,1
3586,4,35,1
3587,0,38,1
3588,2,29,1
3589,7,35,0
3590,15,15,1
3591,7,24,0
3592,6,24,1
3593,9,23,0
3594,7,6,0
3595,9,15,1
3596,8,18,1
3597,10,24,1
3598,7,14,1
3599,6,28,1
3600,5,47,0
3601,1,36,1
3602,13,26,1
3603,3,47,0
3604,4,18,1
3605,11,1,0
3606,3,11,1
3607,9,11,1
3608,9,44,0
3609,8,6,1
3610,10,48,1
3611,7,40,0
3612,10,38,0
3613,1,43,1
3614,5,20,1
3615,9,21,1
3616,7,39,1
3617,10,49,1
3618,3,16,1
3619,2,41,0
3620,5,39,1
3621,9,29,0
3622,1,13,1
3623,5,7,0
3624,12,14,1
3625,4,30,1
3626,15,16,0
3627,0,6,1
3628,11,9,1
3629,3,32,1
3630,14,47,0
3631,0,36,1
3632,2,10,0
3633,2,43,0
3634,12,41,1
3635,11,12,1
3636,8,3,0
3637,6,9,0
3638,13,31,0
3639,5,18,1
3640,6,17,1
3641,11,2,1
3642,4,18,1
3643,11,1,0
3644,11,28,0
3645,6,41,0
3646,5,23,0
3647,8,26,1
3648,5,42,1
3649,11,37,0
3650,15,23,1
3651,3,29,1
3652,8,34,0
3653,13,25,1
3654,14,3,0
3655,12,12,1
3656,5,41,0
3657,12,33,1
3658,0,25,0
3659,5,43,1
3660,14,24,1
3661,0,9,0
3662,13,33,0
3663,8,26,1
3664,15,21,0
3665,7,3,1
3666,11,49,0
3667,1,0,1
3668,2,18,1
3669,11,0,0
3670,9,42,0
3671,11,33,1
3672,2,3,0
3673,0,33,0
3674,14,2,0
3675,1,41,0
3676,6,26,1
3677,10,30,1
3678,15,35,0
3679,1,19,1
3680,11,28,1
3681,11,30,1
3682,14,49,1
3683,6,24,0
3684,12,14,1
3685,6,11,0
3686,4,29,1
3687,1,48,0
3688,6,16,0
3689,3,41,1
3690,6,14,1
3691,6,8,0
3692,15,26,1
3693,1,4,0
3694,2,36,0
3695,0,13,0
3696,14,46,1
3697,3,25,1
3698,0,2,0
3699,11,17,1
3700,0,7,0
3701,1,47,0
3702,10,37,0
3703,0,29,1
3704,7,46,0
3705,10,23,1
3706,4,31,1
3707,1,1,0
3708,7,49,1
3709,9,5,0
3710,9,29,1
3711,9,44,1
3712,2,28,0
3713,7,3,1
3714,15,12,0
3715,7,18,0
3716,14,43,0
3717,0,10,1
3718,1,25,0
3719,7,42,1
3720,12,17,0
3721,3,46,0
3722,7,44,1
3723,4,45,1
3724,15,47,0
3725,0,8,1
3726,6,48,1
3727,1,49,0
3728,9,21,1
3729,5,36,1
3730,5,21,1
3731,9,29,0
3732,5,44,0
3733,0,23,1
3734,1,13,0
3735,6,29,0
3736,0,10,0
3737,11,17,0
3738,0,33,1
3739,0,43,1
3740,11,7,1
3741,14,0,1
3742,0,24,0
3743,8,13,0
3744,0,36,0
3745,11,36,1
3746,13,1,1
3747,10,10,0
3748,5,23,0
3749,7,33,1
3750,14,13,1
3751,11,31,1
3752,7,45,0
3753,2,17,1
3754,14,28,0
3755,0,22,1
3756,4,3,0
3757,2,40,0
3758,13,3,1
3759,0,8,0
3760,2,1,1
3761,11,35,1
3762,8,3,1
3763,7,19,0
3764,13,40,0
3765,7,17,1
3766,2,24,1
3767,5,41,0
3768,9,35,0
3769,0,30,0
3770,14,22,1
3771,12,13,0
3772,13,24,1
3773,6,34,0
3774,1,24,0
3775,4,7,1
3776,14,30,0
3777,0,10,1
3778,8,28,0
3779,13,44,1
3780,4,7,0
3781,2,7,1
3782,0,43,1
3783,8,3,0
3784,15,30,1
3785,5,42,0
3786,13,10,0
3787,0,32,1
3788,9,49,1
3789,14,36,0
3790,6,19,0
3791,4,17,0
3792,12,22,0
3793,12,31,0
3794,0,1,0
3795,14,23,1
3796,5,49,1
3797,15,2,1
3798,14,22,0
3799,9,0,0
3800,12,25,1
3801,11,4,0
3802,10,15,1
3803,7,48,0
3804,1,47,1
3805,5,21,0
3806,10,18,0
3807,14,17,1
3808,5,40,1
3809,5,3,1
3810,9,4,0
3811,3,12,1
3812,0,12,0
3813,11,28,0
3814,9,21,0
3815,1,37,0
3816,4,6,0
3817,14,35,1
3818,5,44,0
3819,3,11,0
3820,12,31,0
3821,7,20,0
3822,14,31,0
3823,12,39,0
3824,15,44,0
3825,6,15,1
3826,3,7,0
3827,10,20,0
3828,1,25,0
3829,9,27,1
3830,12,43,0
3831,2,45,0
3832,4,42,1
3833,14,45,0
3834,11,16,0
3835,12,40,0
3836,7,11,1
3837,9,41,0
3838,8,13,1
3839,14,40,0
3840,2,32,0
3841,3,29,0
3842,1,25,1
3843,10,0,0
3844,9,12,0
3845,6,31,1
3846,2,18,1
3847,11,21,1
3848,8,25,0
3849,9,5,1
3850,6,40,1
3851,4,23,1
3852,12,31,0
3853,15,1,1
3854,1,41,0
3855,1,28,1
3856,12,2,1
3857,14,3,0
3858,0,43,1
3859,4,2,1
3860,3,41,1
3861,8,9,0
3862,13,50,1
3863,4,1,0
3864,13,19,1
3865,0,32,0
3866,4,41,0
3867,13,28,0
3868,7,50,1
3869,15,46,1
3870,6,33,0
3871,7,2,0
3872,2,18,0
3873,0,2,1
3874,12,21,1
3875,10,25,0
3876,15,34,0
3877,15,31,0
3878,1,2,1
3879,2,17,1
3880,3,42,0
3881,9,12,0
3882,1,35,1
3883,2,2,0
3884,6,34,1
3885,15,0,0
3886,0,6,0
3887,12,20,1
3888,0,15,1
3889,11,47,0
3890,9,37,1
3891,3,13,0
3892,15,15,1
3893,12,3,1
3894,12,37,1
3895,14,34,0
3896,8,43,0
3897,13,47,1
3898,0,24,1
3899,12,46,1
3900,5,23,0
3901,3,28,1
3902,13,8,1
3903,1,34,1
3904,2,24,0
3905,7,43,0
3906,13,43,1
3907,6,15,0
3908,1,47,1
3909,1,29,0
3910,8,14,1
3911,13,47,0
3912,12,19,0
3913,12,2,0
3914,5,37,1
3915,9,15,1
3916,11,7,0
3917,7,49,0
3918,11,47,0
3919,4,9,1
3920,4,12,0
3921,3,6,0
3922,0,8,0
3923,9,35,1
3924,9,8,0
3925,15,18,0
3926,4,46,0
3927,12,13,1
3928,8,46,1
3929,9,32,1
3930,4,18,1
3931,10,5,1
3932,4,45,0
3933,15,50,0
3934,9,2,1
3935,1,37,0
3936,11,41,0
3937,0,17,1
3938,12,42,0
3939,11,46,1
3940,1,46,1
3941,6,36,1
3942,7,5,1
3943,5,5,0
3944,0,50,0
3945,3,4,0
3946,8,28,0
3947,13,0,1
3948,15,44,0
3949,5,44,1
3950,7,22,0
3951,12,21,0
3952,7,46,1
3953,9,4,1
3954,11,0,0
3955,11,44,0
3956,12,13,1
3957,3,28,1
3958,9,39,1
3959,12,28,1
3960,2,15,1
3961,1,50,1
3962,6,0,1
3963,2,21,0
3964,11,27,1
3965,10,17,0
3966,8,47,1
3967,6,48,0
3968,7,42,1
3969,5,28,1
3970,13,29,0
3971,1,27,1
3972,5,49,1
3973,3,7,1
3974,0,11,0
3975,8,3,0
3976,6,26,0
3977,13,33,1
3978,11,4,1
3979,9,13,0
3980,10,45,1
3981,6,19,1
3982,7,21,0
3983,4,46,0
3984,8,13,0
3985,11,6,1
3986,6,11,0
3987,7,28,0
3988,0,23,0
3989,2,22,0
3990,7,45,1
3991,12,44,1
3992,0,15,1
3993,15,28,1
3994,1,34,1
3995,9,23,1
3996,1,9,1
3997,15,24,0
3998,5,38,0
3999,8,49,0
4000,9,11,1
4001,10,35,0
4002,10,27,1
4003,6,16,0
4004,13,40,1
4005,9,45,0
4006,4,29,0
4007,14,16,1
4008,4,13,1
4009,15,49,0
4010,13,14,1
4011,1,16,1
4012,7,40,0
4013,14,34,0
4014,12,24,0
4015,7,24,0
4016,3,44,1
4017,14,1,1
4018,8,26,1
4019,8,38,1
4020,4,46,0
4021,11,11,1
4022,10,27,0
4023,0,12,1
4024,9,2,1
4025,11,1,1
4026,14,27,0
4027,12,30,1
4028,12,16,1
4029,12,33,1
4030,9,12,0
4031,7,4,0
4032,8,7,1
4033,7,30,0
4034,8,46,0
4035,7,8,1
4036,2,34,0
4037,2,24,1
4038,4,44,1
4039,9,27,1
4040,13,25,1
4041,1,0,0
4042,12,12,0
4043,14,20,1
4044,4,28,0
4045,1,33,1
4046,3,47,0
4047,0,10,0
4048,3,2,1
4049,8,27,0
4050,10,25,0
4051,14,30,1
4052,15,36,0
4053,10,25,0
4054,6,12,0
4055,11,27,1
4056,0,18,0
4057,4,23,1
4058,0,33,0
4059,9,12,0
4060,2,10,0
4061,8,27,0
4062,14,26,0
4063,10,34,1
4064,6,46,1
4065,12,44,0
4066,0,43,0
4067,10,46,1
4068,12,6,1
4069,11,28,0
4070,5,32,1
4071,4,16,1
4072,11,18,0
4073,12,25,1
4074,7,29,0
4075,0,20,0
4076,6,13,0
4077,5,28,1
4078,4,41,1
4079,5,36,1
4080,3,9,0
4081,12,10,0
4082,2,5,1
4083,11,37,0
4084,7,25,1
4085,11,24,0
4086,3,37,1
4087,14,43,1
4088,4,28,1
4089,4,43,0
4090,6,2,1
4091,7,3,0
4092,11,7,0
4093,10,22,0
4094,15,40,0
4095,1,11,0
4096,5,30,1
4097,11,1,1
4098,9,4,0
4099,12,42,0
4100,14,7,0
4101,2,9,0
4102,2,17,0
4103,0,48,0
4104,0,42,0
4105,15,25,0
4106,13,15,1
4107,11,49,1
4108,12,21,1
4109,6,23,0
4110,2,43,1
4111,8,0,1
4112,1,20,1
4113,10,24,1
4114,9,10,0
4115,10,20,0
4116,6,3,0
4117,5,7,0
4118,15,26,0
4119,3,46,0
4120,9,49,1
4121,8,18,0
4122,13,21,0
4123,7,34,1
4124,3,3,0
4125,1,4,1
4126,14,30,0
4127,6,9,1
4128,9,33,0
4129,7,42,0
4130,1,20,0
4131,13,22,1
4132,1,23,0
4133,14,1,0
4134,12,39,0
4135,9,30,1
4136,12,49,0
4137,2,2,0
4138,10,18,1
4139,6,28,0
4140,10,23,1
4141,10,40,1
4142,11,5,0
4143,11,8,1
4144,1,30,1
4145,7,44,1
4146,4,12,1
4147,1,6,0
4148,3,27,1
4149,7,15,1
4150,7,42,0
4151,11,36,1
4152,13,36,0
4153,4,50,1
4154,9,13,0
4155,11,19,0
4156,1,21,0
4157,14,10,1
4158,12,35,0
4159,11,37,1
4160,6,4,0
4161,1,46,0
4162,6,3,1
4163,13,28,1
4164,11,45,1
4165,10,24,0
4166,9,16,0
4167,0,42,0
4168,11,12,1
4169,3,5,1
4170,0,32,0
4171,3,23,0
4172,2,42,0
4173,9,38,1
4174,12,38,0
4175,12,24,0
4176,1,2,0
4177,9,8,1
4178,5,0,0
4179,4,20,1
4180,1,20,0
4181,6,5,1
4182,0,6,1
4183,15,39,1
4184,10,39,0
4185,5,46,1
4186,3,47,1
4187,6,33,1
4188,12,33,1
4189,0,50,0
4190,9,33,0
4191,5,29,0
4192,3,2,1
4193,6,44,0
4194,3,21,0
4195,5,25,0
4196,5,43,0
4197,13,39,1
4198,13,47,0
4199,9,19,1
4200,12,6,1
4201,15,31,0
4202,15,38,0
4203,6,36,0
4204,3,17,1
4205,15,15,1
4206,0,47,1
4207,10,3,1
4208,13,7,1
4209,1,35,0
4210,15,36,0
4211,7,48,0
4212,6,39,0
4213,2,36,1
4214,10,37,0
4215,7,3,0
4216,6,39,1
4217,10,8,1
4218,7,9,0
4219,2,6,1
4220,3,26,1
4221,10,19,0
4222,12,27,1
4223,0,30,1
4224,7,36,0
4225,9,1,0
4226,15,6,0
4227,9,46,1
4228,5,18,1
4229,15,10,0
4230,9,8,1
4231,1,13,0
4232,11,36,1
4233,10,26,1
4234,6,37,0
4235,5,6,1
4236,5,5,1
4237,7,35,0
4238,8,20,1
4239,12,12,1
4240,6,2,0
4241,6,44,1
4242,9,28,1
4243,0,44,1
4244,0,21,0
4245,5,48,1
4246,9,37,0
4247,15,2,0
4248,13,25,0
4249,3,16,0
4250,2,16,0
4251,14,13,1
4252,5,47,0
4253,13,1,0
4254,12,29,1
4255,15,0,1
4256,12,23,0
4257,0,14,0
4258,8,2,1
4259,15,1,0
4260,15,8,0
4261,9,23,0
4262,12,12,1
4263,12,25,0
4264,6,25,1
4265,12,20,0
4266,3,44,0
4267,5,40,1
4268,14,34,1
4269,5,14,0
4270,9,8,1
4271,15,42,1
4272,14,14,1
4273,1,41,1
4274,12,1,0
4275,13,8,1
4276,3,1,0
4277,15,18,0
4278,1,38,0
4279,9,0,1
4280,15,18,1
4281,12,28,0
4282,12,36,0
4283,13,2,1
4284,2,21,0
4285,4,38,1
4286,7,27,0
4287,5,33,1
4288,5,18,0
4289,5,17,0
4290,5,10,0
4291,9,14,0
4292,11,27,0
4293,3,41,0
4294,2,41,1
4295,0,33,0
4296,4,1,1
4297,9,13,0
4298,0,23,0
4299,11,12,1
4300,0,42,1
4301,4,50,1
4302,9,23,1
4303,12,35,0
4304,2,5,0
4305,10,11,1
4306,8,33,1
4307,6,30,0
4308,3,37,1
4309,10,44,1
4310,11,21,1
4311,13,34,0
4312,7,35,1
4313,15,26,1
4314,0,49,0
4315,14,26,1
4316,1,17,0
4317,2,40,1
4318,2,50,1
4319,2,1,1
4320,9,30,1
4321,2,29,1
4322,8,2,1
4323,15,33,1
4324,6,9,0
4325,12,23,1
4326,1,18,0
4327,1,50,1
4328,5,8,1
4329,1,17,0
4330,12,46,1
4331,4,13,1
4332,10,9,1
4333,9,26,1
4334,7,37,1
4335,10,19,1
4336,2,20,1
4337,10,12,0
4338,3,23,0
4339,14,44,0
4340,7,43,1
4341,1,2,0
4342,6,28,0
4343,12,13,0
4344,2,3,1
4345,2,8,1
4346,1,22,1
4347,3,13,1
4348,4,48,1
4349,3,44,1
4350,2,27,1
4351,4,38,0
4352,6,44,1
4353,0,34,1
4354,7,46,0
4355,8,17,1
4356,11,40,0
4357,1,43,0
4358,10,38,1
4359,2,20,1
4360,2,19,1
4361,11,26,0
4362,5,37,1
4363,9,2,0
4364,8,17,1
4365,2,41,1
4366,6,5,1
4367,12,10,0
4368,5,15,0
4369,15,34,1
4370,5,17,0
4371,8,50,1
4372,2,17,0
4373,0,3,1
4374,7,22,0
4375,9,2,1
4376,3,28,1
4377,11,33,1
4378,6,23,1
4379,3,24,1
4380,11,39,0
4381,12,32,0
4382,7,9,1
4383,7,37,0
4384,4,21,1
4385,7,17,0
4386,9,44,1
4387,6,21,0
4388,13,25,0
4389,0,35,1
4390,9,35,1
4391,2,38,1
4392,13,29,1
4393,8,23,1
4394,13,36,1
4395,4,37,0
4396,13,9,0
4397,6,38,0
4398,5,19,1
4399,10,17,0
4400,10,9,1
4401,9,40,1
4402,15,24,0
4403,3,8,0
4404,10,35,0
4405,2,50,0
4406,13,0,0
4407,6,3,1
4408,6,36,1
4409,14,34,0
4410,14,49,1
4411,4,46,0
4412,12,18,0
4413,1,20,1
4414,4,37,1
4415,7,35,1
4416,12,6,1
4417,15,22,1
4418,5,18,1
4419,3,16,0
4420,4,0,1
4421,5,24,1
4422,3,1,0
4423,0,38,0
4424,9,8,0
4425,13,7,1
4426,15,27,1
4427,4,3,0
4428,9,26,1
4429,15,30,0
4430,13,2,1
4431,9,2,0
4432,4,44,0
4433,2,40,0
4434,2,43,1
4435,0,32,1
4436,8,13,1
4437,8,6,0
4438,5,26,1
4439,4,17,0
4440,0,22,1
4441,11,49,0
4442,3,41,0
4443,10,48,1
4444,2,15,1
4445,0,9,0
4446,10,33,1
4447,0,23,1
4448,0,35,0
4449,6,11,1
4450,8,38,0
4451,5,0,1
4452,1,25,0
4453,8,36,0
4454,7,45,1
4455,2,1,0
4456,1,30,1
4457,8,3,0
4458,14,24,1
4459,1,41,0
4460,3,45,1
4461,8,24,0
4462,13,40,0
4463,15,40,1
4464,12,29,0
4465,3,26,1
4466,10,32,1
4467,14,12,1
4468,15,34,0
4469,1,14,0
4470,5,48,1
4471,14,21,1
4472,5,5,1
4473,0,44,0
4474,13,36,1
4475,0,16,1
4476,13,14,0
4477,14,33,0
4478,14,23,1
4479,10,38,1
4480,12,6,0
4481,11,8,0
4482,0,36,0
4483,10,43,0
4484,1,37,0
4485,2,24,0
4486,15,27,0
4487,10,0,1
4488,13,46,0
4489,14,16,1
4490,10,28,0
4491,10,49,1
4492,1,50,0
4493,12,49,0
4494,6,1,1
4495,0,38,0
4496,0,20,1
4497,2,40,0
4498,13,26,0
4499,12,32,0
4500,3,32,0
4501,13,30,0
4502,3,24,0
4503,6,49,0
4504,6,22,0
4505,15,7,1
4506,3,3,0
4507,12,6,0
4508,3,40,1
4509,14,41,0
4510,13,7,0
4511,6,12,0
4512,10,38,1
4513,0,38,1
4514,8,41,1
4515,10,47,0
4516,13,32,1
4517,2,0,0
4518,4,26,1
4519,9,42,1
4520,9,2,0
4521,1,48,1
4522,15,18,1
4523,10,1,0
4524,7,41,0
4525,14,5,1
4526,10,0,0
4527,3,24,1
4528,15,49,0
4529,2,2,0
4530,3,28,0
4531,9,19,0
4532,5,50,0
4533,14,13,1
4534,5,36,1
4535,5,30,1
4536,9,43,0
4537,13,39,0
4538,2,0,1
4539,9,11,0
4540,5,19,1
4541,3,15,1
4542,7,30,1
4543,6,49,1
4544,8,41,0
4545,12,40,0
4546,2,25,1
4547,8,18,0
4548,7,5,0
4549,2,31,1
4550,14,20,1
4551,13,20,1
4552,4,11,1
4553,11,9,1
4554,6,33,0
4555,14,25,0
4556,11,1,1
4557,14,21,1
4558,3,22,0
4559,3,8,0
4560,5,45,0
4561,14,35,0
4562,4,48,0
4563,1,0,1
4564,4,40,0
4565,14,47,1
4566,1,46,1
4567,6,45,0
4568,7,9,0
4569,5,26,1
4570,3,43,1
4571,1,12,1
4572,3,19,1
4573,8,12,0
4574,11,7,0
4575,8,19,0
4576,6,13,0
4577,0,7,0
4578,1,39,0
4579,5,39,0
4580,10,24,0
4581,15,39,1
4582,2,1,1
4583,12,12,0
4584,15,2,0
4585,3,28,0
4586,15,35,1
4587,11,24,1
4588,2,6,1
4589,3,8,1
4590,1,4,0
4591,4,7,0
4592,15,31,0
4593,2,47,0
4594,7,7,1
4595,5,48,0
4596,5,48,0
4597,7,45,1
4598,0,7,1
4599,14,17,0
4600,5,20,0
4601,5,14,1
4602,11,50,0
4603,4,2,0
4604,3,44,0
4605,2,3,1
4606,10,37,0
4607,9,23,1
4608,10,38,1
4609,13,32,0
4610,15,9,1
4611,4,32,0
4612,1,38,0
4613,9,27,1
4614,8,7,1
4615,3,43,1
4616,10,27,0
4617,7,45,1
4618,3,40,0
4619,1,40,1
4620,11,28,1
4621,9,14,0
4622,14,13,1
4623,5,13,0
4624,8,18,1
4625,0,3,0
4626,14,35,0
4627,11,31,1
4628,8,39,0
4629,7,18,1
4630,3,25,0
4631,11,7,0
4632,13,34,0
4633,2,20,1
4634,5,33,1
4635,3,10,0
4636,14,8,1
4637,14,6,0
4638,8,44,1
4639,9,0,0
4640,14,35,1
4641,7,48,0
4642,14,34,0
4643,9,7,1
4644,0,21,0
4645,13,8,0
4646,4,32,1
4647,5,28,1
4648,13,46,1
4649,11,47,1
4650,1,11,1
4651,5,3,1
4652,4,20,1
4653,12,40,0
4654,1,44,1
4655,4,26,0
4656,12,2,0
4657,8,14,1
4658,2,4,1
4659,9,20,0
4660,6,4,0
4661,2,9,0
4662,9,7,0
4663,15,48,0
4664,14,30,1
4665,2,17,1
4666,7,49,0
4667,13,41,0
4668,10,12,0
4669,6,21,0
4670,14,20,0
4671,11,17,1
4672,0,6,1
4673,11,3,1
4674,2,8,0
4675,13,11,0
4676,9,4,1
4677,10,46,1
4678,14,39,1
4679,14,3,1
4680,4,42,0
4681,2,17,0
4682,6,46,0
4683,5,8,1
4684,15,41,1
4685,7,46,1
4686,15,36,1
4687,14,3,1
4688,0,42,1
4689,12,1,0
4690,5,5,0
4691,14,33,1
4692,3,43,0
4693,2,18,1
4694,5,14,1
4695,13,28,0
4696,4,4,1
4697,10,42,0
4698,4,1,0
4699,9,5,0
4700,5,38,0
4701,10,42,1
4702,11,13,0
4703,9,15,0
4704,11,8,0
4705,13,29,0
4706,4,32,1
4707,5,24,0
4708,11,17,1
4709,4,37,0
4710,12,23,1
4711,9,39,1
4712,11,33,0
4713,13,37,1
4714,10,42,0
4715,1,45,0
4716,12,26,1
4717,1,36,1
4718,15,9,1
4719,2,15,0
4720,3,48,1
4721,14,34,1
4722,1,3,1
4723,7,39,1
4724,14,43,1
4725,12,13,1
4726,3,26,0
4727,0,35,1
4728,12,46,0
4729,9,24,1
4730,10,48,0
4731,3,13,0
4732,2,33,0
4733,13,26,0
4734,12,49,0
4735,8,19,1
4736,3,30,1
4737,2,6,0
4738,1,31,0
4739,12,31,1
4740,6,48,1
4741,15,42,1
4742,12,25,1
4743,4,7,0
4744,1,47,0
4745,13,26,0
4746,2,18,0
4747,1,29,0
4748,10,13,0
4749,6,43,0
4750,10,43,0
4751,7,41,1
4752,15,15,0
4753,7,16,1
4754,14,2,0
4755,9,11,1
4756,5,10,1
4757,9,36,0
4758,3,9,0
4759,7,22,0
4760,7,32,1
4761,1,40,0
4762,5,43,0
4763,1,3,1
4764,10,33,1
4765,0,2,1
4766,8,41,0
4767,6,15,1
4768,7,43,1
4769,11,23,0
4770,2,25,1
4771,15,10,0
4772,15,27,1
4773,1,46,0
4774,8,22,1
4775,5,27,0
4776,7,27,0
4777,10,4,1
4778,8,5,1
4779,4,39,1
4780,2,28,0
4781,5,9,0
4782,12,7,0
4783,5,24,0
4784,3,18,1
4785,1,0,0
4786,4,48,0
4787,6,9,1
4788,8,18,1
4789,6,49,0
4790,7,14,0
4791,8,50,0
4792,14,44,1
4793,15,44,1
4794,13,34,1
4795,6,13,0
4796,8,45,1
4797,15,26,1
4798,14,3,0
4799,13,30,0
4800,10,8,0
4801,9,19,0
4802,10,16,1
4803,9,23,0
4804,14,41,0
4805,1,14,1
4806,1,4,1
4807,6,0,0
4808,2,40,0
4809,0,49,1
4810,3,15,0
4811,7,8,0
4812,15,1,1
4813,0,48,0
4814,7,16,0
4815,13,2,0
4816,6,46,1
4817,3,49,1
4818,6,46,1
4819,12,42,1
4820,2,34,0
4821,4,40,1
4822,10,35,1
4823,5,0,0
4824,2,14,0
4825,4,30,1
4826,11,43,0
4827,6,7,1
4828,6,27,0
4829,0,34,1
4830,6,39,1
4831,8,0,1
4832,3,1,0
4833,4,28,0
4834,4,17,0
4835,2,30,1
4836,4,37,1
4837,9,21,0
4838,6,11,0
4839,13,36,1
4840,15,49,0
4841,15,31,0
4842,8,4,0
4843,10,4,0
4844,12,21,1
4845,1,39,1
4846,15,36,0
4847,3,39,1
4848,13,19,0
4849,3,43,0
4850,2,41,1
4851,8,7,1
4852,10,25,1
4853,15,16,0
4854,9,48,0
4855,1,38,0
4856,4,24,1
4857,14,14,1
4858,9,10,1
4859,14,1,0
4860,14,0,0
4861,8,48,1
4862,11,32,0
4863,2,48,1
4864,11,48,0
4865,0,21,0
4866,15,22,0
4867,2,30,1
4868,15,21,1
4869,1,40,1
4870,6,22,1
4871,4,4,0
4872,14,14,1
4873,15,25,0
4874,13,1,1
4875,6,8,1
4876,10,37,0
4877,4,3,1
4878,7,37,0
4879,6,9,0
4880,2,21,1
4881,13,10,0
4882,13,30,1
4883,3,50,1
4884,0,6,0
4885,11,17,0
4886,14,17,1
4887,2,18,1
4888,6,31,1
4889,12,35,1
4890,4,50,1
4891,2,2,0
4892,7,30,0
4893,8,36,1
4894,15,48,0
4895,4,26,1
4896,6,37,0
4897,9,9,0
4898,15,43,1
4899,6,29,1
4900,1,18,1
4901,5,26,1
4902,7,12,1
4903,9,27,1
4904,0,11,1
4905,11,31,0
4906,12,17,0
4907,12,0,0
4908,10,8,1
4909,11,1,0
4910,3,28,0
4911,15,9,1
4912,7,48,0
4913,9,21,1
4914,11,0,0
4915,5,3,1
4916,9,16,1
4917,15,29,0
4918,0,34,0
4919,8,34,1
4920,9,44,0
4921,15,43,1
4922,10,28,1
4923,0,16,1
4924,6,29,0
4925,10,1,0
4926,11,3,0
4927,2,5,0
4928,2,13,1
4929,10,30,0
4930,8,19,0
4931,13,13,0
4932,8,26,0
4933,3,8,0
4934,12,18,0
4935,9,3,1
4936,6,42,0
4937,2,31,1
4938,14,46,1
4939,4,15,1
4940,8,48,0
4941,2,0,1
4942,10,50,0
4943,10,7,1
4944,7,31,1
4945,6,29,0
4946,2,27,0
4947,13,3,1
4948,6,29,1
4949,15,33,0
4950,4,33,1
4951,6,46,1
4952,0,17,0
4953,10,17,0
4954,1,49,0
4955,2,39,1
4956,15,1,1
4957,13,45,0
4958,13,30,1
4959,10,23,1
4960,14,38,0
4961,13,36,1
4962,12,19,0
4963,6,43,0
4964,6,10,0
4965,3,27,1
4966,4,39,1
4967,3,33,0
4968,9,29,0
4969,8,5,0
4970,2,16,0
4971,6,43,1
4972,12,40,1
4973,2,18,1
4974,13,29,0
4975,2,37,0
4976,0,30,0
4977,0,37,1
4978,6,1,1
4979,6,31,1
4980,15,16,0
4981,7,26,1
4982,6,48,1
4983,13,48,1
4984,13,10,0
4985,5,34,1
4986,10,47,1
4987,15,17,1
4988,15,24,1
4989,8,5,0
4990,7,15,0
4991,2,8,0
4992,7,2,1
4993,5,19,1
4994,6,44,1
4995,3,42,0
4996,10,44,0
4997,7,48,1
4998,8,13,1
4999,4,25,1
5000,13,36,1
